,model 1,model 2,model 3,model 4,model 5,acc,mcc,tp,tn,fp,fn,auroc,auprc
133,warmup_ratio-0.2,train_batch_size-32,weight_decay-0.02,warmup_ratio-0.05,learning_rate-4e-05,0.9081359423274974,0.816250583895119,4470,4348,456,436,0.9692272168898522,0.968664626047449
348,train_batch_size-32,default,dropout-0.05,warmup_ratio-0.05,learning_rate-4e-05,0.9081359423274974,0.8162500628072051,4469,4349,455,437,0.9692142334167105,0.9686797271375932
378,train_batch_size-32,dropout-0.05,dropout-0.2,warmup_ratio-0.05,learning_rate-4e-05,0.9081359423274974,0.8162500628072051,4469,4349,455,437,0.9692142334167105,0.9686797271375932
343,train_batch_size-32,default,dropout-0.05,weight_decay-0.02,learning_rate-4e-05,0.9081359423274974,0.8162512435670543,4471,4347,457,435,0.9691168785829718,0.9685468259818963
373,train_batch_size-32,dropout-0.05,dropout-0.2,weight_decay-0.02,learning_rate-4e-05,0.9081359423274974,0.8162512435670543,4471,4347,457,435,0.9691168785829718,0.9685468259818963
358,train_batch_size-32,default,dropout-0.2,warmup_ratio-0.05,learning_rate-4e-05,0.9081359423274974,0.8162500628072051,4469,4349,455,437,0.9692142334167105,0.9686797271375932
353,train_batch_size-32,default,dropout-0.2,weight_decay-0.02,learning_rate-4e-05,0.9081359423274974,0.8162512435670543,4471,4347,457,435,0.9691168785829718,0.9685468259818963
3,warmup_ratio-0.2,weight_decay-0.005,train_batch_size-32,default,learning_rate-1e-05,0.9080329557157569,0.8160464831006317,4472,4345,459,434,0.9691088805937979,0.9685410564299196
9,warmup_ratio-0.2,weight_decay-0.005,train_batch_size-32,dropout-0.05,learning_rate-1e-05,0.9080329557157569,0.8160464831006317,4472,4345,459,434,0.9691088805937979,0.9685410564299196
131,warmup_ratio-0.2,train_batch_size-32,weight_decay-0.02,learning_rate-1e-05,learning_rate-4e-05,0.9080329557157569,0.8160443000261504,4469,4348,456,437,0.9692717468083568,0.9686949008459322
14,warmup_ratio-0.2,weight_decay-0.005,train_batch_size-32,dropout-0.2,learning_rate-1e-05,0.9080329557157569,0.8160464831006317,4472,4345,459,434,0.9691088805937979,0.9685410564299196
257,weight_decay-0.005,train_batch_size-32,weight_decay-0.02,learning_rate-1e-05,learning_rate-4e-05,0.9079299691040165,0.8158400234859322,4471,4345,459,435,0.9692565994230247,0.9686891970038751
362,train_batch_size-32,default,weight_decay-0.02,learning_rate-1e-05,learning_rate-4e-05,0.9079299691040165,0.8158392278121717,4470,4346,458,436,0.9692680554287381,0.968704331009676
360,train_batch_size-32,default,dropout-0.2,learning_rate-4e-05,train_batch_size-8,0.9079299691040165,0.815838052017606,4468,4348,456,438,0.968965341085174,0.9683632008300717
136,warmup_ratio-0.2,train_batch_size-32,learning_rate-1e-05,warmup_ratio-0.05,learning_rate-4e-05,0.9079299691040165,0.8158392278121717,4470,4346,458,436,0.9693560545244773,0.968813931509819
127,warmup_ratio-0.2,train_batch_size-32,dropout-0.2,warmup_ratio-0.05,learning_rate-4e-05,0.9079299691040165,0.8158385706578672,4469,4347,457,437,0.9692485590041999,0.9687137680035981
23,warmup_ratio-0.2,weight_decay-0.005,train_batch_size-32,learning_rate-1e-05,learning_rate-4e-05,0.9079299691040165,0.815838052017606,4468,4348,456,438,0.9692682251473412,0.968723415586692
245,weight_decay-0.005,train_batch_size-32,dropout-0.05,learning_rate-4e-05,train_batch_size-8,0.9079299691040165,0.815838052017606,4468,4348,456,438,0.9689580007555871,0.9683570322710635
117,warmup_ratio-0.2,train_batch_size-32,dropout-0.05,warmup_ratio-0.05,learning_rate-4e-05,0.9079299691040165,0.8158385706578672,4469,4347,457,437,0.9692485590041999,0.9687137680035981
102,warmup_ratio-0.2,train_batch_size-32,default,warmup_ratio-0.05,learning_rate-4e-05,0.9079299691040165,0.8158385706578672,4469,4347,457,437,0.9692485590041999,0.9687137680035981
350,train_batch_size-32,default,dropout-0.05,learning_rate-4e-05,train_batch_size-8,0.9079299691040165,0.815838052017606,4468,4348,456,438,0.968965341085174,0.9683632008300717
255,weight_decay-0.005,train_batch_size-32,dropout-0.2,learning_rate-4e-05,train_batch_size-8,0.9079299691040165,0.815838052017606,4468,4348,456,438,0.9689580007555871,0.9683570322710635
339,train_batch_size-32,default,dropout-0.05,dropout-0.2,learning_rate-4e-05,0.9079299691040165,0.8158392278121717,4470,4346,458,436,0.9691039799691316,0.9685568118380343
392,train_batch_size-32,dropout-0.2,weight_decay-0.02,learning_rate-1e-05,learning_rate-4e-05,0.9079299691040165,0.8158392278121717,4470,4346,458,436,0.9692680554287381,0.968704331009676
380,train_batch_size-32,dropout-0.05,dropout-0.2,learning_rate-4e-05,train_batch_size-8,0.9079299691040165,0.815838052017606,4468,4348,456,438,0.968965341085174,0.9683632008300717
230,weight_decay-0.005,train_batch_size-32,default,learning_rate-4e-05,train_batch_size-8,0.9079299691040165,0.815838052017606,4468,4348,456,438,0.9689580007555871,0.9683570322710635
382,train_batch_size-32,dropout-0.05,weight_decay-0.02,learning_rate-1e-05,learning_rate-4e-05,0.9079299691040165,0.8158392278121717,4470,4346,458,436,0.9692680554287381,0.968704331009676
364,train_batch_size-32,default,weight_decay-0.02,warmup_ratio-0.05,learning_rate-4e-05,0.907826982492276,0.8156335998138028,4470,4345,459,436,0.9692113482004566,0.9686507854293157
234,weight_decay-0.005,train_batch_size-32,dropout-0.05,dropout-0.2,learning_rate-4e-05,0.907826982492276,0.8156328746767709,4469,4346,458,437,0.9691146298114799,0.9685712034008231
219,weight_decay-0.005,train_batch_size-32,default,dropout-0.2,learning_rate-4e-05,0.907826982492276,0.8156328746767709,4469,4346,458,437,0.9691146298114799,0.9685712034008231
214,weight_decay-0.005,train_batch_size-32,default,dropout-0.05,learning_rate-4e-05,0.907826982492276,0.8156328746767709,4469,4346,458,437,0.9691146298114799,0.9685712034008231
384,train_batch_size-32,dropout-0.05,weight_decay-0.02,warmup_ratio-0.05,learning_rate-4e-05,0.907826982492276,0.8156335998138028,4470,4345,459,436,0.9692113482004566,0.9686507854293157
394,train_batch_size-32,dropout-0.2,weight_decay-0.02,warmup_ratio-0.05,learning_rate-4e-05,0.907826982492276,0.8156335998138028,4470,4345,459,436,0.9692113482004566,0.9686507854293157
370,train_batch_size-32,default,warmup_ratio-0.05,learning_rate-4e-05,train_batch_size-8,0.9077239958805355,0.8154256634742654,4466,4348,456,440,0.969046296858882,0.9684525120460352
228,weight_decay-0.005,train_batch_size-32,default,warmup_ratio-0.05,learning_rate-4e-05,0.9077239958805355,0.8154265574206155,4468,4346,458,438,0.9692164185437261,0.9686877764547737
238,weight_decay-0.005,train_batch_size-32,dropout-0.05,weight_decay-0.02,learning_rate-4e-05,0.9077239958805355,0.8154265574206155,4468,4346,458,438,0.9691166027902417,0.9685500326482619
285,weight_decay-0.005,default,dropout-0.2,learning_rate-1e-05,warmup_ratio-0.05,0.9077239958805355,0.8154280051434365,4470,4344,460,436,0.9688501021536271,0.968291392777244
97,warmup_ratio-0.2,train_batch_size-32,default,weight_decay-0.02,learning_rate-4e-05,0.9077239958805355,0.8154280051434365,4470,4344,460,436,0.9691509283777311,0.9685834967801649
100,warmup_ratio-0.2,train_batch_size-32,default,learning_rate-1e-05,learning_rate-4e-05,0.9077239958805355,0.8154260412280068,4467,4347,457,439,0.9692935768636886,0.968751696222091
397,train_batch_size-32,dropout-0.2,learning_rate-1e-05,warmup_ratio-0.05,learning_rate-4e-05,0.9077239958805355,0.8154300066868486,4472,4342,462,434,0.969350665958827,0.9688162336168665
112,warmup_ratio-0.2,train_batch_size-32,dropout-0.05,weight_decay-0.02,learning_rate-4e-05,0.9077239958805355,0.8154280051434365,4470,4344,460,436,0.9691509283777311,0.9685834967801649
115,warmup_ratio-0.2,train_batch_size-32,dropout-0.05,learning_rate-1e-05,learning_rate-4e-05,0.9077239958805355,0.8154260412280068,4467,4347,457,439,0.9692935768636886,0.968751696222091
390,train_batch_size-32,dropout-0.05,warmup_ratio-0.05,learning_rate-4e-05,train_batch_size-8,0.9077239958805355,0.8154256634742654,4466,4348,456,440,0.969046296858882,0.9684525120460352
125,warmup_ratio-0.2,train_batch_size-32,dropout-0.2,learning_rate-1e-05,learning_rate-4e-05,0.9077239958805355,0.8154260412280068,4467,4347,457,439,0.9692935768636886,0.968751696222091
367,train_batch_size-32,default,learning_rate-1e-05,warmup_ratio-0.05,learning_rate-4e-05,0.9077239958805355,0.8154300066868486,4472,4342,462,434,0.969350665958827,0.9688162336168665
248,weight_decay-0.005,train_batch_size-32,dropout-0.2,weight_decay-0.02,learning_rate-4e-05,0.9077239958805355,0.8154265574206155,4468,4346,458,438,0.9691166027902417,0.9685500326482619
400,train_batch_size-32,dropout-0.2,warmup_ratio-0.05,learning_rate-4e-05,train_batch_size-8,0.9077239958805355,0.8154256634742654,4466,4348,456,440,0.969046296858882,0.9684525120460352
223,weight_decay-0.005,train_batch_size-32,default,weight_decay-0.02,learning_rate-4e-05,0.9077239958805355,0.8154265574206155,4468,4346,458,438,0.9691166027902417,0.9685500326482619
253,weight_decay-0.005,train_batch_size-32,dropout-0.2,warmup_ratio-0.05,learning_rate-4e-05,0.9077239958805355,0.8154265574206155,4468,4346,458,438,0.9692164185437261,0.9686877764547737
259,weight_decay-0.005,train_batch_size-32,weight_decay-0.02,warmup_ratio-0.05,learning_rate-4e-05,0.9077239958805355,0.8154265574206155,4468,4346,458,438,0.9692027986258224,0.9686428887643248
137,warmup_ratio-0.2,train_batch_size-32,learning_rate-1e-05,warmup_ratio-0.05,train_batch_size-8,0.9077239958805355,0.8154312151559906,4473,4341,463,433,0.9690828287882126,0.9684672423758828
141,warmup_ratio-0.2,default,dropout-0.05,dropout-0.2,learning_rate-1e-05,0.9077239958805355,0.8154265574206155,4468,4346,458,438,0.9687829996609022,0.9682230680965432
387,train_batch_size-32,dropout-0.05,learning_rate-1e-05,warmup_ratio-0.05,learning_rate-4e-05,0.9077239958805355,0.8154300066868486,4472,4342,462,434,0.969350665958827,0.9688162336168665
275,weight_decay-0.005,default,dropout-0.05,learning_rate-1e-05,warmup_ratio-0.05,0.9077239958805355,0.8154280051434365,4470,4344,460,436,0.9688501021536271,0.968291392777244
122,warmup_ratio-0.2,train_batch_size-32,dropout-0.2,weight_decay-0.02,learning_rate-4e-05,0.9077239958805355,0.8154280051434365,4470,4344,460,436,0.9691509283777311,0.9685834967801649
243,weight_decay-0.005,train_batch_size-32,dropout-0.05,warmup_ratio-0.05,learning_rate-4e-05,0.9077239958805355,0.8154265574206155,4468,4346,458,438,0.9692164185437261,0.9686877764547737
25,warmup_ratio-0.2,weight_decay-0.005,train_batch_size-32,warmup_ratio-0.05,learning_rate-4e-05,0.9077239958805355,0.8154272120572891,4469,4345,459,437,0.9692423218455337,0.9687109467506615
305,weight_decay-0.005,dropout-0.05,dropout-0.2,learning_rate-1e-05,warmup_ratio-0.05,0.9077239958805355,0.8154280051434365,4470,4344,460,436,0.9688501021536271,0.968291392777244
5,warmup_ratio-0.2,weight_decay-0.005,train_batch_size-32,default,learning_rate-4e-05,0.9076210092687951,0.8152215827738617,4469,4344,460,437,0.9691575898329052,0.9686215862582352
159,warmup_ratio-0.2,default,dropout-0.2,learning_rate-1e-05,warmup_ratio-0.05,0.9076210092687951,0.8152208601894514,4468,4345,459,438,0.9688894768695607,0.9683396522285795
355,train_batch_size-32,default,dropout-0.2,learning_rate-1e-05,warmup_ratio-0.05,0.9076210092687951,0.8152234432002043,4471,4342,462,435,0.9691669455709044,0.9686098017390181
11,warmup_ratio-0.2,weight_decay-0.005,train_batch_size-32,dropout-0.05,learning_rate-4e-05,0.9076210092687951,0.8152215827738617,4469,4344,460,437,0.9691575898329052,0.9686215862582352
20,warmup_ratio-0.2,weight_decay-0.005,train_batch_size-32,weight_decay-0.02,learning_rate-4e-05,0.9076210092687951,0.8152208601894514,4468,4345,459,438,0.9691446487894142,0.9685769103872619
149,warmup_ratio-0.2,default,dropout-0.05,learning_rate-1e-05,warmup_ratio-0.05,0.9076210092687951,0.8152208601894514,4468,4345,459,438,0.9688894768695607,0.9683396522285795
212,weight_decay-0.005,train_batch_size-32,default,dropout-0.05,learning_rate-1e-05,0.9076210092687951,0.8152234432002043,4471,4342,462,435,0.9690685936403723,0.9684962525953079
232,weight_decay-0.005,train_batch_size-32,dropout-0.05,dropout-0.2,learning_rate-1e-05,0.9076210092687951,0.8152234432002043,4471,4342,462,435,0.9690685936403723,0.9684962525953079
16,warmup_ratio-0.2,weight_decay-0.005,train_batch_size-32,dropout-0.2,learning_rate-4e-05,0.9076210092687951,0.8152215827738617,4469,4344,460,437,0.9691575898329052,0.9686215862582352
375,train_batch_size-32,dropout-0.05,dropout-0.2,learning_rate-1e-05,warmup_ratio-0.05,0.9076210092687951,0.8152234432002043,4471,4342,462,435,0.9691669455709044,0.9686098017390181
345,train_batch_size-32,default,dropout-0.05,learning_rate-1e-05,warmup_ratio-0.05,0.9076210092687951,0.8152234432002043,4471,4342,462,435,0.9691669455709044,0.9686098017390181
217,weight_decay-0.005,train_batch_size-32,default,dropout-0.2,learning_rate-1e-05,0.9076210092687951,0.8152234432002043,4471,4342,462,435,0.9690685936403723,0.9684962525953079
179,warmup_ratio-0.2,dropout-0.05,dropout-0.2,learning_rate-1e-05,warmup_ratio-0.05,0.9076210092687951,0.8152208601894514,4468,4345,459,438,0.9688894768695607,0.9683396522285795
404,train_batch_size-32,weight_decay-0.02,warmup_ratio-0.05,learning_rate-4e-05,train_batch_size-8,0.9075180226570546,0.8150151963024065,4468,4344,460,438,0.9690197571123127,0.9683911932321063
241,weight_decay-0.005,train_batch_size-32,dropout-0.05,learning_rate-1e-05,learning_rate-4e-05,0.9075180226570546,0.8150179829591636,4471,4341,463,435,0.9692628153668654,0.9687258762223998
251,weight_decay-0.005,train_batch_size-32,dropout-0.2,learning_rate-1e-05,learning_rate-4e-05,0.9075180226570546,0.8150179829591636,4471,4341,463,435,0.9692628153668654,0.9687258762223998
139,warmup_ratio-0.2,train_batch_size-32,warmup_ratio-0.05,learning_rate-4e-05,train_batch_size-8,0.9075180226570546,0.8150145441833639,4467,4345,459,439,0.969035031786597,0.9684362322412725
356,train_batch_size-32,default,dropout-0.2,learning_rate-1e-05,learning_rate-4e-05,0.9075180226570546,0.8150169156845836,4470,4342,462,436,0.9692631760188972,0.9687244102000102
226,weight_decay-0.005,train_batch_size-32,default,learning_rate-1e-05,learning_rate-4e-05,0.9075180226570546,0.8150179829591636,4471,4341,463,435,0.9692628153668654,0.9687258762223998
337,train_batch_size-32,default,dropout-0.05,dropout-0.2,learning_rate-1e-05,0.9075180226570546,0.8150169156845836,4470,4342,462,436,0.9690624201261824,0.9684943742593582
265,weight_decay-0.005,train_batch_size-32,warmup_ratio-0.05,learning_rate-4e-05,train_batch_size-8,0.9075180226570546,0.8150140304384076,4466,4346,458,440,0.9690317010590103,0.9684426511177476
376,train_batch_size-32,dropout-0.05,dropout-0.2,learning_rate-1e-05,learning_rate-4e-05,0.9075180226570546,0.8150169156845836,4470,4342,462,436,0.9692631760188972,0.9687244102000102
346,train_batch_size-32,default,dropout-0.05,learning_rate-1e-05,learning_rate-4e-05,0.9075180226570546,0.8150169156845836,4470,4342,462,436,0.9692631760188972,0.9687244102000102
401,train_batch_size-32,weight_decay-0.02,learning_rate-1e-05,warmup_ratio-0.05,learning_rate-4e-05,0.9075180226570546,0.8150145441833639,4467,4345,459,439,0.9693357307217488,0.9687742946293776
106,warmup_ratio-0.2,train_batch_size-32,dropout-0.05,dropout-0.2,learning_rate-1e-05,0.9074150360453141,0.8148095657339205,4468,4343,461,438,0.96911112936529,0.9685525818622953
41,warmup_ratio-0.2,weight_decay-0.005,default,weight_decay-0.02,learning_rate-4e-05,0.9074150360453141,0.8148074305106058,4461,4350,454,445,0.9687839331132195,0.9682093938791303
47,warmup_ratio-0.2,weight_decay-0.005,default,warmup_ratio-0.05,train_batch_size-8,0.9074150360453141,0.8148104241129906,4469,4342,462,437,0.9686989465226865,0.9680814029698661
175,warmup_ratio-0.2,dropout-0.05,dropout-0.2,weight_decay-0.02,learning_rate-1e-05,0.9074150360453141,0.8148082640121154,4466,4345,459,440,0.9687841028318227,0.9682020016440944
56,warmup_ratio-0.2,weight_decay-0.005,dropout-0.05,weight_decay-0.02,learning_rate-4e-05,0.9074150360453141,0.8148074305106058,4461,4350,454,445,0.9687839331132195,0.9682093938791303
138,warmup_ratio-0.2,train_batch_size-32,learning_rate-1e-05,learning_rate-4e-05,train_batch_size-8,0.9074150360453141,0.8148095657339205,4468,4343,461,438,0.969088217353863,0.9684869492483985
396,train_batch_size-32,dropout-0.2,weight_decay-0.02,learning_rate-4e-05,train_batch_size-8,0.9074150360453141,0.8148088457021317,4467,4344,460,439,0.9689552216134605,0.9683197455082131
35,warmup_ratio-0.2,weight_decay-0.005,default,dropout-0.2,learning_rate-1e-05,0.9074150360453141,0.8148095657339205,4468,4343,461,438,0.9687853969361719,0.9682262408073361
50,warmup_ratio-0.2,weight_decay-0.005,dropout-0.05,dropout-0.2,learning_rate-1e-05,0.9074150360453141,0.8148095657339205,4468,4343,461,438,0.9687853969361719,0.9682262408073361
399,train_batch_size-32,dropout-0.2,learning_rate-1e-05,learning_rate-4e-05,train_batch_size-8,0.9074150360453141,0.8148104241129906,4469,4342,462,437,0.9691059105182427,0.9685084925766109
155,warmup_ratio-0.2,default,dropout-0.2,weight_decay-0.02,learning_rate-1e-05,0.9074150360453141,0.8148082640121154,4466,4345,459,440,0.9687841028318227,0.9682020016440944
366,train_batch_size-32,default,weight_decay-0.02,learning_rate-4e-05,train_batch_size-8,0.9074150360453141,0.8148088457021317,4467,4344,460,439,0.9689552216134605,0.9683197455082131
30,warmup_ratio-0.2,weight_decay-0.005,default,dropout-0.05,learning_rate-1e-05,0.9074150360453141,0.8148095657339205,4468,4343,461,438,0.9687853969361719,0.9682262408073361
369,train_batch_size-32,default,learning_rate-1e-05,learning_rate-4e-05,train_batch_size-8,0.9074150360453141,0.8148104241129906,4469,4342,462,437,0.9691059105182427,0.9685084925766109
145,warmup_ratio-0.2,default,dropout-0.05,weight_decay-0.02,learning_rate-1e-05,0.9074150360453141,0.8148082640121154,4466,4345,459,440,0.9687841028318227,0.9682020016440944
389,train_batch_size-32,dropout-0.05,learning_rate-1e-05,learning_rate-4e-05,train_batch_size-8,0.9074150360453141,0.8148104241129906,4469,4342,462,437,0.9691059105182427,0.9685084925766109
91,warmup_ratio-0.2,train_batch_size-32,default,dropout-0.2,learning_rate-1e-05,0.9074150360453141,0.8148095657339205,4468,4343,461,438,0.96911112936529,0.9685525818622953
386,train_batch_size-32,dropout-0.05,weight_decay-0.02,learning_rate-4e-05,train_batch_size-8,0.9074150360453141,0.8148088457021317,4467,4344,460,439,0.9689552216134605,0.9683197455082131
86,warmup_ratio-0.2,train_batch_size-32,default,dropout-0.05,learning_rate-1e-05,0.9074150360453141,0.8148095657339205,4468,4343,461,438,0.96911112936529,0.9685525818622953
62,warmup_ratio-0.2,weight_decay-0.005,dropout-0.05,warmup_ratio-0.05,train_batch_size-8,0.9074150360453141,0.8148104241129906,4469,4342,462,437,0.9686989465226865,0.9680814029698661
66,warmup_ratio-0.2,weight_decay-0.005,dropout-0.2,weight_decay-0.02,learning_rate-4e-05,0.9074150360453141,0.8148074305106058,4461,4350,454,445,0.9687839331132195,0.9682093938791303
72,warmup_ratio-0.2,weight_decay-0.005,dropout-0.2,warmup_ratio-0.05,train_batch_size-8,0.9074150360453141,0.8148104241129906,4469,4342,462,437,0.9686989465226865,0.9680814029698661
135,warmup_ratio-0.2,train_batch_size-32,weight_decay-0.02,learning_rate-4e-05,train_batch_size-8,0.9073120494335737,0.8146016466504227,4464,4346,458,442,0.968949663329207,0.9683062920728872
225,weight_decay-0.005,train_batch_size-32,default,learning_rate-1e-05,warmup_ratio-0.05,0.9073120494335737,0.8146048946844883,4469,4341,463,437,0.9691621722351906,0.9685940622271572
81,warmup_ratio-0.2,weight_decay-0.005,learning_rate-1e-05,warmup_ratio-0.05,train_batch_size-8,0.9073120494335737,0.8146048946844883,4469,4341,463,437,0.9688318574037874,0.9682193134093873
80,warmup_ratio-0.2,weight_decay-0.005,learning_rate-1e-05,warmup_ratio-0.05,learning_rate-4e-05,0.9073120494335737,0.8146025309461122,4466,4344,460,440,0.969060574436373,0.9685313670821236
77,warmup_ratio-0.2,weight_decay-0.005,weight_decay-0.02,warmup_ratio-0.05,learning_rate-4e-05,0.9073120494335737,0.81460153754966,4460,4350,454,446,0.9688773844190853,0.9683071081773205
198,warmup_ratio-0.2,dropout-0.2,weight_decay-0.02,warmup_ratio-0.05,learning_rate-4e-05,0.9073120494335737,0.8146029076398708,4457,4353,451,449,0.9688766206853714,0.9683032737176652
195,warmup_ratio-0.2,dropout-0.2,weight_decay-0.02,learning_rate-1e-05,warmup_ratio-0.05,0.9073120494335737,0.8146025309461122,4466,4344,460,440,0.9688914286334972,0.9683159633102552
450,dropout-0.05,dropout-0.2,warmup_ratio-0.05,learning_rate-4e-05,train_batch_size-8,0.9073120494335737,0.8146018559754152,4459,4351,453,447,0.9687369422749692,0.9681200207842062
75,warmup_ratio-0.2,weight_decay-0.005,weight_decay-0.02,learning_rate-1e-05,learning_rate-4e-05,0.9073120494335737,0.8146020196488084,4465,4345,459,441,0.9689637075436186,0.9683975196943742
459,dropout-0.2,weight_decay-0.02,warmup_ratio-0.05,learning_rate-4e-05,train_batch_size-8,0.9073120494335737,0.814601315530702,4462,4348,456,444,0.968727798685224,0.968083600700303
435,default,dropout-0.2,warmup_ratio-0.05,learning_rate-4e-05,train_batch_size-8,0.9073120494335737,0.8146018559754152,4459,4351,453,447,0.9687369422749692,0.9681200207842062
425,default,dropout-0.05,warmup_ratio-0.05,learning_rate-4e-05,train_batch_size-8,0.9073120494335737,0.8146018559754152,4459,4351,453,447,0.9687369422749692,0.9681200207842062
22,warmup_ratio-0.2,weight_decay-0.005,train_batch_size-32,learning_rate-1e-05,warmup_ratio-0.05,0.9073120494335737,0.8146048946844883,4469,4341,463,437,0.9691917457017916,0.9686261564861269
454,dropout-0.05,weight_decay-0.02,warmup_ratio-0.05,learning_rate-4e-05,train_batch_size-8,0.9073120494335737,0.814601315530702,4462,4348,456,444,0.968727798685224,0.968083600700303
402,train_batch_size-32,weight_decay-0.02,learning_rate-1e-05,warmup_ratio-0.05,train_batch_size-8,0.9073120494335737,0.8146099828595517,4473,4337,467,433,0.9690742579987529,0.9684322215479091
68,warmup_ratio-0.2,weight_decay-0.005,dropout-0.2,learning_rate-1e-05,warmup_ratio-0.05,0.9073120494335737,0.8146031805475239,4467,4343,461,439,0.9688918741448305,0.9683379408557408
188,warmup_ratio-0.2,dropout-0.05,weight_decay-0.02,warmup_ratio-0.05,learning_rate-4e-05,0.9073120494335737,0.8146029076398708,4457,4353,451,449,0.9688766206853714,0.9683032737176652
439,default,weight_decay-0.02,warmup_ratio-0.05,learning_rate-4e-05,train_batch_size-8,0.9073120494335737,0.814601315530702,4462,4348,456,444,0.968727798685224,0.968083600700303
185,warmup_ratio-0.2,dropout-0.05,weight_decay-0.02,learning_rate-1e-05,warmup_ratio-0.05,0.9073120494335737,0.8146025309461122,4466,4344,460,440,0.9688914286334972,0.9683159633102552
165,warmup_ratio-0.2,default,weight_decay-0.02,learning_rate-1e-05,warmup_ratio-0.05,0.9073120494335737,0.8146025309461122,4466,4344,460,440,0.9688914286334972,0.9683159633102552
240,weight_decay-0.005,train_batch_size-32,dropout-0.05,learning_rate-1e-05,warmup_ratio-0.05,0.9073120494335737,0.8146048946844883,4469,4341,463,437,0.9691621722351906,0.9685940622271572
168,warmup_ratio-0.2,default,weight_decay-0.02,warmup_ratio-0.05,learning_rate-4e-05,0.9073120494335737,0.8146029076398708,4457,4353,451,449,0.9688766206853714,0.9683032737176652
58,warmup_ratio-0.2,weight_decay-0.005,dropout-0.05,learning_rate-1e-05,warmup_ratio-0.05,0.9073120494335737,0.8146031805475239,4467,4343,461,439,0.9688918741448305,0.9683379408557408
87,warmup_ratio-0.2,train_batch_size-32,default,dropout-0.05,warmup_ratio-0.05,0.9073120494335737,0.8146099828595517,4473,4337,467,433,0.9691094533940836,0.9685637764149
410,default,dropout-0.05,dropout-0.2,learning_rate-1e-05,warmup_ratio-0.05,0.9073120494335737,0.8146031805475239,4467,4343,461,439,0.9688369065322315,0.9682814067714167
116,warmup_ratio-0.2,train_batch_size-32,dropout-0.05,learning_rate-1e-05,train_batch_size-8,0.9073120494335737,0.8146031805475239,4467,4343,461,439,0.9690050976679646,0.9683880911004292
121,warmup_ratio-0.2,train_batch_size-32,dropout-0.2,weight_decay-0.02,warmup_ratio-0.05,0.9073120494335737,0.8146133569993094,4475,4335,469,431,0.969098527759005,0.9685253524749162
96,warmup_ratio-0.2,train_batch_size-32,default,weight_decay-0.02,warmup_ratio-0.05,0.9073120494335737,0.8146133569993094,4475,4335,469,431,0.969098527759005,0.9685253524749162
103,warmup_ratio-0.2,train_batch_size-32,default,warmup_ratio-0.05,train_batch_size-8,0.9073120494335737,0.8146071621054521,4471,4339,465,435,0.9689999000357428,0.9683958409282548
18,warmup_ratio-0.2,weight_decay-0.005,train_batch_size-32,weight_decay-0.02,learning_rate-1e-05,0.9073120494335737,0.8146039684584448,4468,4342,462,438,0.9690997370040525,0.9684979113735015
95,warmup_ratio-0.2,train_batch_size-32,default,weight_decay-0.02,learning_rate-1e-05,0.9073120494335737,0.8146025309461122,4466,4344,460,440,0.9691070136891631,0.9685161965783188
107,warmup_ratio-0.2,train_batch_size-32,dropout-0.05,dropout-0.2,warmup_ratio-0.05,0.9073120494335737,0.8146099828595517,4473,4337,467,433,0.9691094533940836,0.9685637764149
110,warmup_ratio-0.2,train_batch_size-32,dropout-0.05,weight_decay-0.02,learning_rate-1e-05,0.9073120494335737,0.8146025309461122,4466,4344,460,440,0.9691070136891631,0.9685161965783188
111,warmup_ratio-0.2,train_batch_size-32,dropout-0.05,weight_decay-0.02,warmup_ratio-0.05,0.9073120494335737,0.8146133569993094,4475,4335,469,431,0.969098527759005,0.9685253524749162
92,warmup_ratio-0.2,train_batch_size-32,default,dropout-0.2,warmup_ratio-0.05,0.9073120494335737,0.8146099828595517,4473,4337,467,433,0.9691094533940836,0.9685637764149
118,warmup_ratio-0.2,train_batch_size-32,dropout-0.05,warmup_ratio-0.05,train_batch_size-8,0.9073120494335737,0.8146071621054521,4471,4339,465,435,0.9689999000357428,0.9683958409282548
19,warmup_ratio-0.2,weight_decay-0.005,train_batch_size-32,weight_decay-0.02,warmup_ratio-0.05,0.9073120494335737,0.8146133569993094,4475,4335,469,431,0.9690981458921478,0.9685196118576987
120,warmup_ratio-0.2,train_batch_size-32,dropout-0.2,weight_decay-0.02,learning_rate-1e-05,0.9073120494335737,0.8146025309461122,4466,4344,460,440,0.9691070136891631,0.9685161965783188
101,warmup_ratio-0.2,train_batch_size-32,default,learning_rate-1e-05,train_batch_size-8,0.9073120494335737,0.8146031805475239,4467,4343,461,439,0.9690050976679646,0.9683880911004292
128,warmup_ratio-0.2,train_batch_size-32,dropout-0.2,warmup_ratio-0.05,train_batch_size-8,0.9073120494335737,0.8146071621054521,4471,4339,465,435,0.9689999000357428,0.9683958409282548
334,weight_decay-0.005,weight_decay-0.02,warmup_ratio-0.05,learning_rate-4e-05,train_batch_size-8,0.9073120494335737,0.8146014119459761,4463,4347,457,443,0.9687297504491603,0.9680868007005494
126,warmup_ratio-0.2,train_batch_size-32,dropout-0.2,learning_rate-1e-05,train_batch_size-8,0.9073120494335737,0.8146031805475239,4467,4343,461,439,0.9690050976679646,0.9683880911004292
250,weight_decay-0.005,train_batch_size-32,dropout-0.2,learning_rate-1e-05,warmup_ratio-0.05,0.9073120494335737,0.8146048946844883,4469,4341,463,437,0.9691621722351906,0.9685940622271572
43,warmup_ratio-0.2,weight_decay-0.005,default,learning_rate-1e-05,warmup_ratio-0.05,0.9073120494335737,0.8146031805475239,4467,4343,461,439,0.9688918741448305,0.9683379408557408
209,warmup_ratio-0.2,learning_rate-1e-05,warmup_ratio-0.05,learning_rate-4e-05,train_batch_size-8,0.9072090628218331,0.8143953177931514,4461,4348,456,445,0.968916122690257,0.9683235834209332
286,weight_decay-0.005,default,dropout-0.2,learning_rate-1e-05,learning_rate-4e-05,0.9072090628218331,0.8143975486939793,4467,4342,462,439,0.968953481997778,0.9684130784020466
182,warmup_ratio-0.2,dropout-0.05,dropout-0.2,warmup_ratio-0.05,learning_rate-4e-05,0.9072090628218331,0.8143965955420857,4457,4352,452,449,0.9688891374323544,0.9683456896597782
405,train_batch_size-32,learning_rate-1e-05,warmup_ratio-0.05,learning_rate-4e-05,train_batch_size-8,0.9072090628218331,0.8143975486939793,4467,4342,462,439,0.9691636997026191,0.9685720027928946
93,warmup_ratio-0.2,train_batch_size-32,default,dropout-0.2,learning_rate-4e-05,0.9072090628218331,0.8143975486939793,4467,4342,462,439,0.9691550228390324,0.9686128682070136
162,warmup_ratio-0.2,default,dropout-0.2,warmup_ratio-0.05,learning_rate-4e-05,0.9072090628218331,0.8143965955420857,4457,4352,452,449,0.9688891374323544,0.9683456896597782
108,warmup_ratio-0.2,train_batch_size-32,dropout-0.05,dropout-0.2,learning_rate-4e-05,0.9072090628218331,0.8143975486939793,4467,4342,462,439,0.9691550228390324,0.9686128682070136
351,train_batch_size-32,default,dropout-0.2,weight_decay-0.02,learning_rate-1e-05,0.9072090628218331,0.8143993984899223,4469,4340,464,437,0.9690776311559907,0.9684858660474475
99,warmup_ratio-0.2,train_batch_size-32,default,learning_rate-1e-05,warmup_ratio-0.05,0.9072090628218331,0.8143984044504436,4468,4341,463,438,0.9692047928194096,0.9686488557046247
4,warmup_ratio-0.2,weight_decay-0.005,train_batch_size-32,default,warmup_ratio-0.05,0.9072090628218331,0.8144005308183432,4470,4339,465,436,0.9691129114106231,0.9685616651670146
306,weight_decay-0.005,dropout-0.05,dropout-0.2,learning_rate-1e-05,learning_rate-4e-05,0.9072090628218331,0.8143975486939793,4467,4342,462,439,0.968953481997778,0.9684130784020466
371,train_batch_size-32,dropout-0.05,dropout-0.2,weight_decay-0.02,learning_rate-1e-05,0.9072090628218331,0.8143993984899223,4469,4340,464,437,0.9690776311559907,0.9684858660474475
27,warmup_ratio-0.2,weight_decay-0.005,train_batch_size-32,learning_rate-4e-05,train_batch_size-8,0.9072090628218331,0.814395508387099,4463,4346,458,443,0.9689565157178096,0.968353761150764
341,train_batch_size-32,default,dropout-0.05,weight_decay-0.02,learning_rate-1e-05,0.9072090628218331,0.8143993984899223,4469,4340,464,437,0.9690776311559907,0.9684858660474475
88,warmup_ratio-0.2,train_batch_size-32,default,dropout-0.05,learning_rate-4e-05,0.9072090628218331,0.8143975486939793,4467,4342,462,439,0.9691550228390324,0.9686128682070136
114,warmup_ratio-0.2,train_batch_size-32,dropout-0.05,learning_rate-1e-05,warmup_ratio-0.05,0.9072090628218331,0.8143984044504436,4468,4341,463,438,0.9692047928194096,0.9686488557046247
335,weight_decay-0.005,learning_rate-1e-05,warmup_ratio-0.05,learning_rate-4e-05,train_batch_size-8,0.9072090628218331,0.8143975486939793,4467,4342,462,439,0.9689224871378755,0.9683266209465669
15,warmup_ratio-0.2,weight_decay-0.005,train_batch_size-32,dropout-0.2,warmup_ratio-0.05,0.9072090628218331,0.8144005308183432,4470,4339,465,436,0.9691129114106231,0.9685616651670146
124,warmup_ratio-0.2,train_batch_size-32,dropout-0.2,learning_rate-1e-05,warmup_ratio-0.05,0.9072090628218331,0.8143984044504436,4468,4341,463,438,0.9692047928194096,0.9686488557046247
276,weight_decay-0.005,default,dropout-0.05,learning_rate-1e-05,learning_rate-4e-05,0.9072090628218331,0.8143975486939793,4467,4342,462,439,0.968953481997778,0.9684130784020466
10,warmup_ratio-0.2,weight_decay-0.005,train_batch_size-32,dropout-0.05,warmup_ratio-0.05,0.9072090628218331,0.8144005308183432,4470,4339,465,436,0.9691129114106231,0.9685616651670146
152,warmup_ratio-0.2,default,dropout-0.05,warmup_ratio-0.05,learning_rate-4e-05,0.9072090628218331,0.8143965955420857,4457,4352,452,449,0.9688891374323544,0.9683456896597782
258,weight_decay-0.005,train_batch_size-32,weight_decay-0.02,learning_rate-1e-05,train_batch_size-8,0.9071060762100926,0.8141964739198045,4471,4337,467,435,0.9689898442085054,0.9683341816295948
205,warmup_ratio-0.2,weight_decay-0.02,learning_rate-1e-05,warmup_ratio-0.05,learning_rate-4e-05,0.9071060762100926,0.8141905177088605,4465,4343,461,441,0.9690484607710724,0.9684872599958319
193,warmup_ratio-0.2,dropout-0.05,learning_rate-1e-05,learning_rate-4e-05,train_batch_size-8,0.9071060762100926,0.8141896382385012,4463,4345,459,443,0.9688546209114365,0.968256266294018
203,warmup_ratio-0.2,dropout-0.2,learning_rate-1e-05,learning_rate-4e-05,train_batch_size-8,0.9071060762100926,0.8141896382385012,4463,4345,459,443,0.9688546209114365,0.968256266294018
24,warmup_ratio-0.2,weight_decay-0.005,train_batch_size-32,learning_rate-1e-05,train_batch_size-8,0.9071060762100926,0.8141928736843931,4468,4340,464,438,0.9689941932477114,0.9683708568451929
461,weight_decay-0.02,learning_rate-1e-05,warmup_ratio-0.05,learning_rate-4e-05,train_batch_size-8,0.9071060762100926,0.8141900088592092,4464,4344,460,442,0.9689079761973054,0.9682753634368166
119,warmup_ratio-0.2,train_batch_size-32,dropout-0.05,learning_rate-4e-05,train_batch_size-8,0.9071060762100926,0.8141896382385012,4463,4345,459,443,0.9689655532334279,0.9683634735344333
85,warmup_ratio-0.2,train_batch_size-32,default,dropout-0.05,weight_decay-0.02,0.9071060762100926,0.814195135580183,4470,4338,466,436,0.969001682081076,0.9684178076578801
424,default,dropout-0.05,learning_rate-1e-05,learning_rate-4e-05,train_batch_size-8,0.9071060762100926,0.8141905177088605,4465,4343,461,441,0.9688540268963254,0.96825315086321
90,warmup_ratio-0.2,train_batch_size-32,default,dropout-0.2,weight_decay-0.02,0.9071060762100926,0.814195135580183,4470,4338,466,436,0.969001682081076,0.9684178076578801
104,warmup_ratio-0.2,train_batch_size-32,default,learning_rate-4e-05,train_batch_size-8,0.9071060762100926,0.8141896382385012,4463,4345,459,443,0.9689655532334279,0.9683634735344333
105,warmup_ratio-0.2,train_batch_size-32,dropout-0.05,dropout-0.2,weight_decay-0.02,0.9071060762100926,0.814195135580183,4470,4338,466,436,0.969001682081076,0.9684178076578801
434,default,dropout-0.2,learning_rate-1e-05,learning_rate-4e-05,train_batch_size-8,0.9071060762100926,0.8141905177088605,4465,4343,461,441,0.9688540268963254,0.96825315086321
449,dropout-0.05,dropout-0.2,learning_rate-1e-05,learning_rate-4e-05,train_batch_size-8,0.9071060762100926,0.8141905177088605,4465,4343,461,441,0.9688540268963254,0.96825315086321
46,warmup_ratio-0.2,weight_decay-0.005,default,warmup_ratio-0.05,learning_rate-4e-05,0.9071060762100926,0.8141895379487738,4459,4349,455,447,0.9688977718662903,0.9683599973785509
84,warmup_ratio-0.2,train_batch_size-32,default,dropout-0.05,dropout-0.2,0.9071060762100926,0.814195135580183,4470,4338,466,436,0.9689927506395847,0.9684301833744693
71,warmup_ratio-0.2,weight_decay-0.005,dropout-0.2,warmup_ratio-0.05,learning_rate-4e-05,0.9071060762100926,0.8141895379487738,4459,4349,455,447,0.9688977718662903,0.9683599973785509
44,warmup_ratio-0.2,weight_decay-0.005,default,learning_rate-1e-05,learning_rate-4e-05,0.9071060762100926,0.8141896382385012,4463,4345,459,443,0.9689809976263156,0.9684448289369042
129,warmup_ratio-0.2,train_batch_size-32,dropout-0.2,learning_rate-4e-05,train_batch_size-8,0.9071060762100926,0.8141896382385012,4463,4345,459,443,0.9689655532334279,0.9683634735344333
69,warmup_ratio-0.2,weight_decay-0.005,dropout-0.2,learning_rate-1e-05,learning_rate-4e-05,0.9071060762100926,0.8141896382385012,4463,4345,459,443,0.9689809976263156,0.9684448289369042
61,warmup_ratio-0.2,weight_decay-0.005,dropout-0.05,warmup_ratio-0.05,learning_rate-4e-05,0.9071060762100926,0.8141895379487738,4459,4349,455,447,0.9688977718662903,0.9683599973785509
59,warmup_ratio-0.2,weight_decay-0.005,dropout-0.05,learning_rate-1e-05,learning_rate-4e-05,0.9071060762100926,0.8141896382385012,4463,4345,459,443,0.9689809976263156,0.9684448289369042
173,warmup_ratio-0.2,default,learning_rate-1e-05,learning_rate-4e-05,train_batch_size-8,0.9071060762100926,0.8141896382385012,4463,4345,459,443,0.9688546209114365,0.968256266294018
456,dropout-0.2,weight_decay-0.02,learning_rate-1e-05,warmup_ratio-0.05,learning_rate-4e-05,0.9070030895983522,0.8139855316540382,4466,4341,463,440,0.9690404627818983,0.9684897220241218
177,warmup_ratio-0.2,dropout-0.05,dropout-0.2,weight_decay-0.02,learning_rate-4e-05,0.9070030895983522,0.8139833150193088,4460,4347,457,446,0.968779223421982,0.9682005843062726
436,default,weight_decay-0.02,learning_rate-1e-05,warmup_ratio-0.05,learning_rate-4e-05,0.9070030895983522,0.8139855316540382,4466,4341,463,440,0.9690404627818983,0.9684897220241218
221,weight_decay-0.005,train_batch_size-32,default,weight_decay-0.02,learning_rate-1e-05,0.9070030895983522,0.8139885057006156,4469,4338,466,437,0.9690778645190702,0.9684808023590914
309,weight_decay-0.005,dropout-0.05,dropout-0.2,warmup_ratio-0.05,train_batch_size-8,0.9070030895983522,0.8139873761347812,4468,4339,465,438,0.9686625630971338,0.9680337654030282
349,train_batch_size-32,default,dropout-0.05,warmup_ratio-0.05,train_batch_size-8,0.9070030895983522,0.8139911795138891,4471,4336,468,435,0.9689708569397766,0.9683557927033584
78,warmup_ratio-0.2,weight_decay-0.005,weight_decay-0.02,warmup_ratio-0.05,train_batch_size-8,0.9070030895983522,0.8139848167274926,4465,4342,462,441,0.9686820595216719,0.9680291383107382
289,weight_decay-0.005,default,dropout-0.2,warmup_ratio-0.05,train_batch_size-8,0.9070030895983522,0.8139873761347812,4468,4339,465,438,0.9686625630971338,0.9680337654030282
74,warmup_ratio-0.2,weight_decay-0.005,weight_decay-0.02,learning_rate-1e-05,warmup_ratio-0.05,0.9070030895983522,0.8139855316540382,4466,4341,463,440,0.9688779572193711,0.9682975052617588
53,warmup_ratio-0.2,weight_decay-0.005,dropout-0.05,dropout-0.2,train_batch_size-8,0.9070030895983522,0.8139863847878966,4467,4340,464,439,0.968599342917456,0.9679709596947702
379,train_batch_size-32,dropout-0.05,dropout-0.2,warmup_ratio-0.05,train_batch_size-8,0.9070030895983522,0.8139911795138891,4471,4336,468,435,0.9689708569397766,0.9683557927033584
246,weight_decay-0.005,train_batch_size-32,dropout-0.2,weight_decay-0.02,learning_rate-1e-05,0.9070030895983522,0.8139885057006156,4469,4338,466,437,0.9690778645190702,0.9684808023590914
236,weight_decay-0.005,train_batch_size-32,dropout-0.05,weight_decay-0.02,learning_rate-1e-05,0.9070030895983522,0.8139885057006156,4469,4338,466,437,0.9690778645190702,0.9684808023590914
432,default,dropout-0.2,learning_rate-1e-05,warmup_ratio-0.05,learning_rate-4e-05,0.9070030895983522,0.8139855316540382,4466,4341,463,440,0.9690453421917391,0.9685166491426354
33,warmup_ratio-0.2,weight_decay-0.005,default,dropout-0.05,train_batch_size-8,0.9070030895983522,0.8139863847878966,4467,4340,464,439,0.968599342917456,0.9679709596947702
157,warmup_ratio-0.2,default,dropout-0.2,weight_decay-0.02,learning_rate-4e-05,0.9070030895983522,0.8139833150193088,4460,4347,457,446,0.968779223421982,0.9682005843062726
147,warmup_ratio-0.2,default,dropout-0.05,weight_decay-0.02,learning_rate-4e-05,0.9070030895983522,0.8139833150193088,4460,4347,457,446,0.968779223421982,0.9682005843062726
451,dropout-0.05,weight_decay-0.02,learning_rate-1e-05,warmup_ratio-0.05,learning_rate-4e-05,0.9070030895983522,0.8139855316540382,4466,4341,463,440,0.9690404627818983,0.9684897220241218
184,warmup_ratio-0.2,dropout-0.05,dropout-0.2,learning_rate-4e-05,train_batch_size-8,0.9070030895983522,0.8139833150193088,4460,4347,457,446,0.968662308519229,0.9680375131014
166,warmup_ratio-0.2,default,weight_decay-0.02,learning_rate-1e-05,learning_rate-4e-05,0.9070030895983522,0.8139838014745463,4463,4344,460,443,0.9689762879350778,0.9684145549593153
447,dropout-0.05,dropout-0.2,learning_rate-1e-05,warmup_ratio-0.05,learning_rate-4e-05,0.9070030895983522,0.8139855316540382,4466,4341,463,440,0.9690453421917391,0.9685166491426354
422,default,dropout-0.05,learning_rate-1e-05,warmup_ratio-0.05,learning_rate-4e-05,0.9070030895983522,0.8139855316540382,4466,4341,463,440,0.9690453421917391,0.9685166491426354
264,weight_decay-0.005,train_batch_size-32,learning_rate-1e-05,learning_rate-4e-05,train_batch_size-8,0.9070030895983522,0.8139842400027586,4464,4343,461,442,0.9690994824261477,0.9685038367989329
154,warmup_ratio-0.2,default,dropout-0.05,learning_rate-4e-05,train_batch_size-8,0.9070030895983522,0.8139833150193088,4460,4347,457,446,0.968662308519229,0.9680375131014
186,warmup_ratio-0.2,dropout-0.05,weight_decay-0.02,learning_rate-1e-05,learning_rate-4e-05,0.9070030895983522,0.8139838014745463,4463,4344,460,443,0.9689762879350778,0.9684145549593153
340,train_batch_size-32,default,dropout-0.05,dropout-0.2,train_batch_size-8,0.9070030895983522,0.8139911795138891,4471,4336,468,435,0.9688627249747375,0.9682365383149159
196,warmup_ratio-0.2,dropout-0.2,weight_decay-0.02,learning_rate-1e-05,learning_rate-4e-05,0.9070030895983522,0.8139838014745463,4463,4344,460,443,0.9689762879350778,0.9684145549593153
256,weight_decay-0.005,train_batch_size-32,weight_decay-0.02,learning_rate-1e-05,warmup_ratio-0.05,0.9070030895983522,0.8139885057006156,4469,4338,466,437,0.9691651847403966,0.9685682773735581
359,train_batch_size-32,default,dropout-0.2,warmup_ratio-0.05,train_batch_size-8,0.9070030895983522,0.8139911795138891,4471,4336,468,435,0.9689708569397766,0.9683557927033584
26,warmup_ratio-0.2,weight_decay-0.005,train_batch_size-32,warmup_ratio-0.05,train_batch_size-8,0.9070030895983522,0.8139873761347812,4468,4339,465,438,0.9689905230829181,0.9683823282766978
279,weight_decay-0.005,default,dropout-0.05,warmup_ratio-0.05,train_batch_size-8,0.9070030895983522,0.8139873761347812,4468,4339,465,438,0.9686625630971338,0.9680337654030282
38,warmup_ratio-0.2,weight_decay-0.005,default,dropout-0.2,train_batch_size-8,0.9070030895983522,0.8139863847878966,4467,4340,464,439,0.968599342917456,0.9679709596947702
164,warmup_ratio-0.2,default,dropout-0.2,learning_rate-4e-05,train_batch_size-8,0.9070030895983522,0.8139833150193088,4460,4347,457,446,0.968662308519229,0.9680375131014
297,weight_decay-0.005,default,learning_rate-1e-05,warmup_ratio-0.05,learning_rate-4e-05,0.9069001029866117,0.8137785044716089,4464,4342,462,442,0.9690476333928819,0.9685186675787159
292,weight_decay-0.005,default,weight_decay-0.02,learning_rate-1e-05,learning_rate-4e-05,0.9069001029866117,0.81377799806961,4463,4343,461,443,0.9689612254090472,0.9683947309736411
320,weight_decay-0.005,dropout-0.05,warmup_ratio-0.05,learning_rate-4e-05,train_batch_size-8,0.9069001029866117,0.8137773540026437,4459,4347,457,447,0.9687380666607153,0.9681269345374326
330,weight_decay-0.005,dropout-0.2,warmup_ratio-0.05,learning_rate-4e-05,train_batch_size-8,0.9069001029866117,0.8137773540026437,4459,4347,457,447,0.9687380666607153,0.9681269345374326
267,weight_decay-0.005,default,dropout-0.05,dropout-0.2,learning_rate-1e-05,0.9069001029866117,0.8137799317734533,4466,4340,464,440,0.9687310869831601,0.968161940484254
262,weight_decay-0.005,train_batch_size-32,learning_rate-1e-05,warmup_ratio-0.05,learning_rate-4e-05,0.9069001029866117,0.8137799317734533,4466,4340,464,440,0.9693454683266051,0.9688122061029747
254,weight_decay-0.005,train_batch_size-32,dropout-0.2,warmup_ratio-0.05,train_batch_size-8,0.9069001029866117,0.8137819117761087,4468,4338,466,438,0.9689707932953006,0.9683567025992899
322,weight_decay-0.005,dropout-0.2,weight_decay-0.02,learning_rate-1e-05,learning_rate-4e-05,0.9069001029866117,0.81377799806961,4463,4343,461,443,0.9689612254090472,0.9683947309736411
312,weight_decay-0.005,dropout-0.05,weight_decay-0.02,learning_rate-1e-05,learning_rate-4e-05,0.9069001029866117,0.81377799806961,4463,4343,461,443,0.9689612254090472,0.9683947309736411
271,weight_decay-0.005,default,dropout-0.05,weight_decay-0.02,learning_rate-1e-05,0.9069001029866117,0.8137808526842978,4467,4339,465,439,0.9687468920280795,0.9681581631501711
331,weight_decay-0.005,weight_decay-0.02,learning_rate-1e-05,warmup_ratio-0.05,learning_rate-4e-05,0.9069001029866117,0.8137799317734533,4466,4340,464,440,0.9690343529121844,0.9684756932998071
327,weight_decay-0.005,dropout-0.2,learning_rate-1e-05,warmup_ratio-0.05,learning_rate-4e-05,0.9069001029866117,0.8137785044716089,4464,4342,462,442,0.9690476333928819,0.9685186675787159
329,weight_decay-0.005,dropout-0.2,learning_rate-1e-05,learning_rate-4e-05,train_batch_size-8,0.9069001029866117,0.8137785044716089,4464,4342,462,442,0.9688587790172138,0.9682597447328259
299,weight_decay-0.005,default,learning_rate-1e-05,learning_rate-4e-05,train_batch_size-8,0.9069001029866117,0.8137785044716089,4464,4342,462,442,0.9688587790172138,0.9682597447328259
300,weight_decay-0.005,default,warmup_ratio-0.05,learning_rate-4e-05,train_batch_size-8,0.9069001029866117,0.8137773540026437,4459,4347,457,447,0.9687380666607153,0.9681269345374326
301,weight_decay-0.005,dropout-0.05,dropout-0.2,weight_decay-0.02,learning_rate-1e-05,0.9069001029866117,0.8137808526842978,4467,4339,465,439,0.9687468920280795,0.9681581631501711
281,weight_decay-0.005,default,dropout-0.2,weight_decay-0.02,learning_rate-1e-05,0.9069001029866117,0.8137808526842978,4467,4339,465,439,0.9687468920280795,0.9681581631501711
261,weight_decay-0.005,train_batch_size-32,weight_decay-0.02,learning_rate-4e-05,train_batch_size-8,0.9069001029866117,0.81377799806961,4463,4343,461,443,0.9689420684217155,0.9683058748363701
319,weight_decay-0.005,dropout-0.05,learning_rate-1e-05,learning_rate-4e-05,train_batch_size-8,0.9069001029866117,0.8137785044716089,4464,4342,462,442,0.9688587790172138,0.9682597447328259
244,weight_decay-0.005,train_batch_size-32,dropout-0.05,warmup_ratio-0.05,train_batch_size-8,0.9069001029866117,0.8137819117761087,4468,4338,466,438,0.9689707932953006,0.9683567025992899
150,warmup_ratio-0.2,default,dropout-0.05,learning_rate-1e-05,learning_rate-4e-05,0.9069001029866117,0.8137773077977509,4460,4346,458,446,0.9689894199119975,0.9684513898345093
417,default,dropout-0.05,weight_decay-0.02,learning_rate-1e-05,learning_rate-4e-05,0.9069001029866117,0.81377799806961,4463,4343,461,443,0.9689536305015558,0.9683858360217698
52,warmup_ratio-0.2,weight_decay-0.005,dropout-0.05,dropout-0.2,learning_rate-4e-05,0.9069001029866117,0.8137773077977509,4460,4346,458,446,0.9687839118983943,0.9682314263420939
54,warmup_ratio-0.2,weight_decay-0.005,dropout-0.05,weight_decay-0.02,learning_rate-1e-05,0.9069001029866117,0.8137799317734533,4466,4340,464,440,0.9687863940329655,0.9682025457411281
160,warmup_ratio-0.2,default,dropout-0.2,learning_rate-1e-05,learning_rate-4e-05,0.9069001029866117,0.8137773077977509,4460,4346,458,446,0.9689894199119975,0.9684513898345093
317,weight_decay-0.005,dropout-0.05,learning_rate-1e-05,warmup_ratio-0.05,learning_rate-4e-05,0.9069001029866117,0.8137785044716089,4464,4342,462,442,0.9690476333928819,0.9685186675787159
442,dropout-0.05,dropout-0.2,weight_decay-0.02,learning_rate-1e-05,learning_rate-4e-05,0.9069001029866117,0.81377799806961,4463,4343,461,443,0.9689536305015558,0.9683858360217698
427,default,dropout-0.2,weight_decay-0.02,learning_rate-1e-05,learning_rate-4e-05,0.9069001029866117,0.81377799806961,4463,4343,461,443,0.9689536305015558,0.9683858360217698
415,default,dropout-0.05,dropout-0.2,learning_rate-4e-05,train_batch_size-8,0.9069001029866117,0.8137775383478876,4458,4348,456,448,0.968637190165961,0.9680034130022193
143,warmup_ratio-0.2,default,dropout-0.05,dropout-0.2,learning_rate-4e-05,0.9069001029866117,0.8137773540026437,4459,4347,457,447,0.9687758290499188,0.9682172603303266
142,warmup_ratio-0.2,default,dropout-0.05,dropout-0.2,warmup_ratio-0.05,0.9069001029866117,0.8137799317734533,4466,4340,464,440,0.9687323598726838,0.9681786262302948
64,warmup_ratio-0.2,weight_decay-0.005,dropout-0.2,weight_decay-0.02,learning_rate-1e-05,0.9069001029866117,0.8137799317734533,4466,4340,464,440,0.9687863940329655,0.9682025457411281
109,warmup_ratio-0.2,train_batch_size-32,dropout-0.05,dropout-0.2,train_batch_size-8,0.9069001029866117,0.8137808526842978,4467,4339,465,439,0.9689082095603847,0.9682923601962357
94,warmup_ratio-0.2,train_batch_size-32,default,dropout-0.2,train_batch_size-8,0.9069001029866117,0.8137808526842978,4467,4339,465,439,0.9689082095603847,0.9682923601962357
89,warmup_ratio-0.2,train_batch_size-32,default,dropout-0.05,train_batch_size-8,0.9069001029866117,0.8137808526842978,4467,4339,465,439,0.9689082095603847,0.9682923601962357
76,warmup_ratio-0.2,weight_decay-0.005,weight_decay-0.02,learning_rate-1e-05,train_batch_size-8,0.9069001029866117,0.8137844445269523,4470,4336,468,436,0.9687326993098904,0.9680803269798923
438,default,weight_decay-0.02,learning_rate-1e-05,learning_rate-4e-05,train_batch_size-8,0.9069001029866117,0.8137785044716089,4464,4342,462,442,0.9688472593670243,0.9682151985309241
207,warmup_ratio-0.2,weight_decay-0.02,learning_rate-1e-05,learning_rate-4e-05,train_batch_size-8,0.9069001029866117,0.81377799806961,4463,4343,461,443,0.9688246231483275,0.9681909913378041
180,warmup_ratio-0.2,dropout-0.05,dropout-0.2,learning_rate-1e-05,learning_rate-4e-05,0.9069001029866117,0.8137773077977509,4460,4346,458,446,0.9689894199119975,0.9684513898345093
229,weight_decay-0.005,train_batch_size-32,default,warmup_ratio-0.05,train_batch_size-8,0.9069001029866117,0.8137819117761087,4468,4338,466,438,0.9689707932953006,0.9683567025992899
453,dropout-0.05,weight_decay-0.02,learning_rate-1e-05,learning_rate-4e-05,train_batch_size-8,0.9069001029866117,0.8137785044716089,4464,4342,462,442,0.9688472593670243,0.9682151985309241
32,warmup_ratio-0.2,weight_decay-0.005,default,dropout-0.05,learning_rate-4e-05,0.9069001029866117,0.8137773077977509,4460,4346,458,446,0.9687839118983943,0.9682314263420939
406,default,dropout-0.05,dropout-0.2,weight_decay-0.02,learning_rate-1e-05,0.9069001029866117,0.8137808526842978,4467,4339,465,439,0.968734184347668,0.9681449019799457
37,warmup_ratio-0.2,weight_decay-0.005,default,dropout-0.2,learning_rate-4e-05,0.9069001029866117,0.8137773077977509,4460,4346,458,446,0.9687839118983943,0.9682314263420939
408,default,dropout-0.05,dropout-0.2,weight_decay-0.02,learning_rate-4e-05,0.9069001029866117,0.8137773540026437,4459,4347,457,447,0.9687306626866523,0.9681401056165204
413,default,dropout-0.05,dropout-0.2,warmup_ratio-0.05,learning_rate-4e-05,0.9069001029866117,0.8137775383478876,4458,4348,456,448,0.9688373944732155,0.9682828800004573
39,warmup_ratio-0.2,weight_decay-0.005,default,weight_decay-0.02,learning_rate-1e-05,0.9069001029866117,0.8137799317734533,4466,4340,464,440,0.9687863940329655,0.9682025457411281
458,dropout-0.2,weight_decay-0.02,learning_rate-1e-05,learning_rate-4e-05,train_batch_size-8,0.9069001029866117,0.8137785044716089,4464,4342,462,442,0.9688472593670243,0.9682151985309241
8,warmup_ratio-0.2,weight_decay-0.005,train_batch_size-32,dropout-0.05,weight_decay-0.02,0.9067971163748713,0.8135753537796401,4467,4338,466,439,0.9690006849842824,0.968411092287087
73,warmup_ratio-0.2,weight_decay-0.005,dropout-0.2,learning_rate-4e-05,train_batch_size-8,0.9067971163748713,0.8135713340109837,4460,4345,459,446,0.9686700731453236,0.9680494439389631
2,warmup_ratio-0.2,weight_decay-0.005,train_batch_size-32,default,weight_decay-0.02,0.9067971163748713,0.8135753537796401,4467,4338,466,439,0.9690006849842824,0.968411092287087
460,dropout-0.2,learning_rate-1e-05,warmup_ratio-0.05,learning_rate-4e-05,train_batch_size-8,0.9067971163748713,0.8135714938884552,4461,4344,460,445,0.9689316943720971,0.9683386671068617
70,warmup_ratio-0.2,weight_decay-0.005,dropout-0.2,learning_rate-1e-05,train_batch_size-8,0.9067971163748713,0.8135743651253498,4466,4339,465,440,0.9687520896603015,0.9681435195940047
440,default,learning_rate-1e-05,warmup_ratio-0.05,learning_rate-4e-05,train_batch_size-8,0.9067971163748713,0.8135714938884552,4461,4344,460,445,0.9689316943720971,0.9683386671068617
446,dropout-0.05,dropout-0.2,weight_decay-0.02,learning_rate-4e-05,train_batch_size-8,0.9067971163748713,0.8135713122454661,4459,4346,458,447,0.9686446153548494,0.9679820119673924
63,warmup_ratio-0.2,weight_decay-0.005,dropout-0.05,learning_rate-4e-05,train_batch_size-8,0.9067971163748713,0.8135713340109837,4460,4345,459,446,0.9686700731453236,0.9680494439389631
13,warmup_ratio-0.2,weight_decay-0.005,train_batch_size-32,dropout-0.2,weight_decay-0.02,0.9067971163748713,0.8135753537796401,4467,4338,466,439,0.9690006849842824,0.968411092287087
60,warmup_ratio-0.2,weight_decay-0.005,dropout-0.05,learning_rate-1e-05,train_batch_size-8,0.9067971163748713,0.8135743651253498,4466,4339,465,440,0.9687520896603015,0.9681435195940047
45,warmup_ratio-0.2,weight_decay-0.005,default,learning_rate-1e-05,train_batch_size-8,0.9067971163748713,0.8135743651253498,4466,4339,465,440,0.9687520896603015,0.9681435195940047
441,dropout-0.05,dropout-0.2,weight_decay-0.02,learning_rate-1e-05,warmup_ratio-0.05,0.9067971163748713,0.813573514614097,4465,4340,464,441,0.9688539420370238,0.9682792010932899
455,dropout-0.05,learning_rate-1e-05,warmup_ratio-0.05,learning_rate-4e-05,train_batch_size-8,0.9067971163748713,0.8135714938884552,4461,4344,460,445,0.9689316943720971,0.9683386671068617
48,warmup_ratio-0.2,weight_decay-0.005,default,learning_rate-4e-05,train_batch_size-8,0.9067971163748713,0.8135713340109837,4460,4345,459,446,0.9686700731453236,0.9680494439389631
444,dropout-0.05,dropout-0.2,weight_decay-0.02,warmup_ratio-0.05,learning_rate-4e-05,0.9067971163748713,0.8135714285874605,4458,4347,457,448,0.968846707781564,0.9682731805429727
134,warmup_ratio-0.2,train_batch_size-32,weight_decay-0.02,warmup_ratio-0.05,train_batch_size-8,0.9067971163748713,0.8135743651253498,4466,4339,465,440,0.9689760121423476,0.9683311131306576
83,warmup_ratio-0.2,weight_decay-0.005,warmup_ratio-0.05,learning_rate-4e-05,train_batch_size-8,0.9067971163748713,0.8135713340109837,4460,4345,459,446,0.9687549324469044,0.968143608637238
416,default,dropout-0.05,weight_decay-0.02,learning_rate-1e-05,warmup_ratio-0.05,0.9067971163748713,0.813573514614097,4465,4340,464,441,0.9688539420370238,0.9682792010932899
220,weight_decay-0.005,train_batch_size-32,default,dropout-0.2,train_batch_size-8,0.9067971163748713,0.8135777455412253,4469,4336,468,437,0.9688739688321968,0.9682510158037119
215,weight_decay-0.005,train_batch_size-32,default,dropout-0.05,train_batch_size-8,0.9067971163748713,0.8135777455412253,4469,4336,468,437,0.9688739688321968,0.9682510158037119
210,weight_decay-0.005,train_batch_size-32,default,dropout-0.05,dropout-0.2,0.9067971163748713,0.8135841870554931,4473,4332,472,433,0.9689356615444461,0.9683691066155071
202,warmup_ratio-0.2,dropout-0.2,learning_rate-1e-05,warmup_ratio-0.05,train_batch_size-8,0.9067971163748713,0.8135753537796401,4467,4338,466,439,0.9688401099708661,0.9682364262089168
192,warmup_ratio-0.2,dropout-0.05,learning_rate-1e-05,warmup_ratio-0.05,train_batch_size-8,0.9067971163748713,0.8135753537796401,4467,4338,466,439,0.9688401099708661,0.9682364262089168
172,warmup_ratio-0.2,default,learning_rate-1e-05,warmup_ratio-0.05,train_batch_size-8,0.9067971163748713,0.8135753537796401,4467,4338,466,439,0.9688401099708661,0.9682364262089168
263,weight_decay-0.005,train_batch_size-32,learning_rate-1e-05,warmup_ratio-0.05,train_batch_size-8,0.9067971163748713,0.813582369411257,4472,4333,471,434,0.9690786706824351,0.9684559555479227
130,warmup_ratio-0.2,train_batch_size-32,weight_decay-0.02,learning_rate-1e-05,warmup_ratio-0.05,0.9067971163748713,0.813573514614097,4465,4340,464,441,0.969189730293379,0.9685977554078902
421,default,dropout-0.05,weight_decay-0.02,learning_rate-4e-05,train_batch_size-8,0.9067971163748713,0.8135713122454661,4459,4346,458,447,0.9686446153548494,0.9679820119673924
419,default,dropout-0.05,weight_decay-0.02,warmup_ratio-0.05,learning_rate-4e-05,0.9067971163748713,0.8135714285874605,4458,4347,457,448,0.968846707781564,0.9682731805429727
426,default,dropout-0.2,weight_decay-0.02,learning_rate-1e-05,warmup_ratio-0.05,0.9067971163748713,0.813573514614097,4465,4340,464,441,0.9688539420370238,0.9682792010932899
429,default,dropout-0.2,weight_decay-0.02,warmup_ratio-0.05,learning_rate-4e-05,0.9067971163748713,0.8135714285874605,4458,4347,457,448,0.968846707781564,0.9682731805429727
235,weight_decay-0.005,train_batch_size-32,dropout-0.05,dropout-0.2,train_batch_size-8,0.9067971163748713,0.8135777455412253,4469,4336,468,437,0.9688739688321968,0.9682510158037119
431,default,dropout-0.2,weight_decay-0.02,learning_rate-4e-05,train_batch_size-8,0.9067971163748713,0.8135713122454661,4459,4346,458,447,0.9686446153548494,0.9679820119673924
445,dropout-0.05,dropout-0.2,weight_decay-0.02,warmup_ratio-0.05,train_batch_size-8,0.9066941297631308,0.8133698880484237,4467,4337,467,439,0.9686552015527216,0.9680048300075871
368,train_batch_size-32,default,learning_rate-1e-05,warmup_ratio-0.05,train_batch_size-8,0.9066941297631308,0.8133698880484237,4467,4337,467,439,0.9690894902433866,0.9684834682294823
420,default,dropout-0.05,weight_decay-0.02,warmup_ratio-0.05,train_batch_size-8,0.9066941297631308,0.8133698880484237,4467,4337,467,439,0.9686552015527216,0.9680048300075871
361,train_batch_size-32,default,weight_decay-0.02,learning_rate-1e-05,warmup_ratio-0.05,0.9066941297631308,0.8133688316842026,4466,4338,466,440,0.9691691943423965,0.9685859555312161
398,train_batch_size-32,dropout-0.2,learning_rate-1e-05,warmup_ratio-0.05,train_batch_size-8,0.9066941297631308,0.8133698880484237,4467,4337,467,439,0.9690894902433866,0.9684834682294823
391,train_batch_size-32,dropout-0.2,weight_decay-0.02,learning_rate-1e-05,warmup_ratio-0.05,0.9066941297631308,0.8133688316842026,4466,4338,466,440,0.9691691943423965,0.9685859555312161
430,default,dropout-0.2,weight_decay-0.02,warmup_ratio-0.05,train_batch_size-8,0.9066941297631308,0.8133698880484237,4467,4337,467,439,0.9686552015527216,0.9680048300075871
388,train_batch_size-32,dropout-0.05,learning_rate-1e-05,warmup_ratio-0.05,train_batch_size-8,0.9066941297631308,0.8133698880484237,4467,4337,467,439,0.9690894902433866,0.9684834682294823
324,weight_decay-0.005,dropout-0.2,weight_decay-0.02,warmup_ratio-0.05,learning_rate-4e-05,0.9066941297631308,0.8133658632563265,4456,4348,456,450,0.9688497202867701,0.9682795218208171
381,train_batch_size-32,dropout-0.05,weight_decay-0.02,learning_rate-1e-05,warmup_ratio-0.05,0.9066941297631308,0.8133688316842026,4466,4338,466,440,0.9691691943423965,0.9685859555312161
414,default,dropout-0.05,dropout-0.2,warmup_ratio-0.05,train_batch_size-8,0.9066941297631308,0.8133688316842026,4466,4338,466,440,0.9686446153548494,0.9680173283956766
0,warmup_ratio-0.2,weight_decay-0.005,train_batch_size-32,default,dropout-0.05,0.9066941297631308,0.8133688316842026,4466,4338,466,440,0.9690061371944089,0.968445087540297
208,warmup_ratio-0.2,weight_decay-0.02,warmup_ratio-0.05,learning_rate-4e-05,train_batch_size-8,0.9066941297631308,0.8133653039312755,4459,4345,459,447,0.9687296231602079,0.968080766618528
167,warmup_ratio-0.2,default,weight_decay-0.02,learning_rate-1e-05,train_batch_size-8,0.9066941297631308,0.8133688316842026,4466,4338,466,440,0.968738109090366,0.9680927388925865
260,weight_decay-0.005,train_batch_size-32,weight_decay-0.02,warmup_ratio-0.05,train_batch_size-8,0.9066941297631308,0.8133698880484237,4467,4337,467,439,0.968962816520952,0.968309766153288
290,weight_decay-0.005,default,dropout-0.2,learning_rate-4e-05,train_batch_size-8,0.9066941297631308,0.813365393633332,4460,4344,460,446,0.9686524224105949,0.96802979981179
1,warmup_ratio-0.2,weight_decay-0.005,train_batch_size-32,default,dropout-0.2,0.9066941297631308,0.8133688316842026,4466,4338,466,440,0.9690061371944089,0.968445087540297
206,warmup_ratio-0.2,weight_decay-0.02,learning_rate-1e-05,warmup_ratio-0.05,train_batch_size-8,0.9066941297631308,0.8133688316842026,4466,4338,466,440,0.9688131883574396,0.968169500513539
294,weight_decay-0.005,default,weight_decay-0.02,warmup_ratio-0.05,learning_rate-4e-05,0.9066941297631308,0.8133658632563265,4456,4348,456,450,0.9688497202867701,0.9682795218208171
200,warmup_ratio-0.2,dropout-0.2,weight_decay-0.02,learning_rate-4e-05,train_batch_size-8,0.9066941297631308,0.813365393633332,4460,4344,460,446,0.9686547984710391,0.9680006100249743
197,warmup_ratio-0.2,dropout-0.2,weight_decay-0.02,learning_rate-1e-05,train_batch_size-8,0.9066941297631308,0.8133688316842026,4466,4338,466,440,0.968738109090366,0.9680927388925865
190,warmup_ratio-0.2,dropout-0.05,weight_decay-0.02,learning_rate-4e-05,train_batch_size-8,0.9066941297631308,0.813365393633332,4460,4344,460,446,0.9686547984710391,0.9680006100249743
187,warmup_ratio-0.2,dropout-0.05,weight_decay-0.02,learning_rate-1e-05,train_batch_size-8,0.9066941297631308,0.8133688316842026,4466,4338,466,440,0.968738109090366,0.9680927388925865
280,weight_decay-0.005,default,dropout-0.05,learning_rate-4e-05,train_batch_size-8,0.9066941297631308,0.813365393633332,4460,4344,460,446,0.9686524224105949,0.96802979981179
170,warmup_ratio-0.2,default,weight_decay-0.02,learning_rate-4e-05,train_batch_size-8,0.9066941297631308,0.813365393633332,4460,4344,460,446,0.9686547984710391,0.9680006100249743
181,warmup_ratio-0.2,dropout-0.05,dropout-0.2,learning_rate-1e-05,train_batch_size-8,0.9066941297631308,0.8133679134309575,4465,4339,465,441,0.9687478891248733,0.9681371857418055
17,warmup_ratio-0.2,weight_decay-0.005,train_batch_size-32,dropout-0.2,train_batch_size-8,0.9066941297631308,0.8133679134309575,4465,4339,465,441,0.9689100764650195,0.968292979412037
314,weight_decay-0.005,dropout-0.05,weight_decay-0.02,warmup_ratio-0.05,learning_rate-4e-05,0.9066941297631308,0.8133658632563265,4456,4348,456,450,0.9688497202867701,0.9682795218208171
310,weight_decay-0.005,dropout-0.05,dropout-0.2,learning_rate-4e-05,train_batch_size-8,0.9066941297631308,0.813365393633332,4460,4344,460,446,0.9686524224105949,0.96802979981179
151,warmup_ratio-0.2,default,dropout-0.05,learning_rate-1e-05,train_batch_size-8,0.9066941297631308,0.8133679134309575,4465,4339,465,441,0.9687478891248733,0.9681371857418055
132,warmup_ratio-0.2,train_batch_size-32,weight_decay-0.02,learning_rate-1e-05,train_batch_size-8,0.9066941297631308,0.8133698880484237,4467,4337,467,439,0.9689866831995215,0.9683382045913729
82,warmup_ratio-0.2,weight_decay-0.005,learning_rate-1e-05,learning_rate-4e-05,train_batch_size-8,0.9066941297631308,0.8133664912343572,4463,4341,463,443,0.9688408949194056,0.968239704306802
21,warmup_ratio-0.2,weight_decay-0.005,train_batch_size-32,weight_decay-0.02,train_batch_size-8,0.9066941297631308,0.8133671332828761,4464,4340,464,442,0.9688912589148939,0.9682391738859638
6,warmup_ratio-0.2,weight_decay-0.005,train_batch_size-32,default,train_batch_size-8,0.9066941297631308,0.8133679134309575,4465,4339,465,441,0.9689100764650195,0.968292979412037
161,warmup_ratio-0.2,default,dropout-0.2,learning_rate-1e-05,train_batch_size-8,0.9066941297631308,0.8133679134309575,4465,4339,465,441,0.9687478891248733,0.9681371857418055
12,warmup_ratio-0.2,weight_decay-0.005,train_batch_size-32,dropout-0.05,train_batch_size-8,0.9066941297631308,0.8133679134309575,4465,4339,465,441,0.9689100764650195,0.968292979412037
7,warmup_ratio-0.2,weight_decay-0.005,train_batch_size-32,dropout-0.05,dropout-0.2,0.9066941297631308,0.8133688316842026,4466,4338,466,440,0.9690061371944089,0.968445087540297
273,weight_decay-0.005,default,dropout-0.05,weight_decay-0.02,learning_rate-4e-05,0.9065911431513903,0.813159427946412,4457,4346,458,449,0.9687411428103974,0.9681528039994381
365,train_batch_size-32,default,weight_decay-0.02,warmup_ratio-0.05,train_batch_size-8,0.9065911431513903,0.8131644554651606,4467,4336,468,439,0.9689618406389837,0.9683159472632699
268,weight_decay-0.005,default,dropout-0.05,dropout-0.2,warmup_ratio-0.05,0.9065911431513903,0.8131614975741559,4464,4339,465,442,0.9686657877505938,0.9680972898850968
377,train_batch_size-32,dropout-0.05,dropout-0.2,learning_rate-1e-05,train_batch_size-8,0.9065911431513903,0.813163331424499,4466,4337,467,440,0.9689985635017428,0.9683830174011195
163,warmup_ratio-0.2,default,dropout-0.2,warmup_ratio-0.05,train_batch_size-8,0.9065911431513903,0.8131623454628027,4465,4338,466,441,0.968692857867798,0.9680801816668516
385,train_batch_size-32,dropout-0.05,weight_decay-0.02,warmup_ratio-0.05,train_batch_size-8,0.9065911431513903,0.8131644554651606,4467,4336,468,439,0.9689618406389837,0.9683159472632699
316,weight_decay-0.005,dropout-0.05,weight_decay-0.02,learning_rate-4e-05,train_batch_size-8,0.9065911431513903,0.8131593290343844,4459,4344,460,447,0.9686490492533569,0.9679967055513781
395,train_batch_size-32,dropout-0.2,weight_decay-0.02,warmup_ratio-0.05,train_batch_size-8,0.9065911431513903,0.8131644554651606,4467,4336,468,439,0.9689618406389837,0.9683159472632699
183,warmup_ratio-0.2,dropout-0.05,dropout-0.2,warmup_ratio-0.05,train_batch_size-8,0.9065911431513903,0.8131623454628027,4465,4338,466,441,0.968692857867798,0.9680801816668516
411,default,dropout-0.05,dropout-0.2,learning_rate-1e-05,learning_rate-4e-05,0.9065911431513903,0.8131602159934019,4462,4341,463,444,0.9689434261705406,0.9683997739826189
153,warmup_ratio-0.2,default,dropout-0.05,warmup_ratio-0.05,train_batch_size-8,0.9065911431513903,0.8131623454628027,4465,4338,466,441,0.968692857867798,0.9680801816668516
357,train_batch_size-32,default,dropout-0.2,learning_rate-1e-05,train_batch_size-8,0.9065911431513903,0.813163331424499,4466,4337,467,440,0.9689985635017428,0.9683830174011195
318,weight_decay-0.005,dropout-0.05,learning_rate-1e-05,warmup_ratio-0.05,train_batch_size-8,0.9065911431513903,0.813163331424499,4466,4337,467,440,0.9688249413707085,0.9682136729466986
311,weight_decay-0.005,dropout-0.05,weight_decay-0.02,learning_rate-1e-05,warmup_ratio-0.05,0.9065911431513903,0.8131644554651606,4467,4336,468,439,0.968849550568167,0.968272648558455
296,weight_decay-0.005,default,weight_decay-0.02,learning_rate-4e-05,train_batch_size-8,0.9065911431513903,0.8131593290343844,4459,4344,460,447,0.9686490492533569,0.9679967055513781
325,weight_decay-0.005,dropout-0.2,weight_decay-0.02,warmup_ratio-0.05,train_batch_size-8,0.9065911431513903,0.813163331424499,4466,4337,467,440,0.9686637299125304,0.96800339259759
347,train_batch_size-32,default,dropout-0.05,learning_rate-1e-05,train_batch_size-8,0.9065911431513903,0.813163331424499,4466,4337,467,440,0.9689985635017428,0.9683830174011195
298,weight_decay-0.005,default,learning_rate-1e-05,warmup_ratio-0.05,train_batch_size-8,0.9065911431513903,0.813163331424499,4466,4337,467,440,0.9688249413707085,0.9682136729466986
291,weight_decay-0.005,default,weight_decay-0.02,learning_rate-1e-05,warmup_ratio-0.05,0.9065911431513903,0.8131644554651606,4467,4336,468,439,0.968849550568167,0.968272648558455
303,weight_decay-0.005,dropout-0.05,dropout-0.2,weight_decay-0.02,learning_rate-4e-05,0.9065911431513903,0.813159427946412,4457,4346,458,449,0.9687411428103974,0.9681528039994381
326,weight_decay-0.005,dropout-0.2,weight_decay-0.02,learning_rate-4e-05,train_batch_size-8,0.9065911431513903,0.8131593290343844,4459,4344,460,447,0.9686490492533569,0.9679967055513781
328,weight_decay-0.005,dropout-0.2,learning_rate-1e-05,warmup_ratio-0.05,train_batch_size-8,0.9065911431513903,0.813163331424499,4466,4337,467,440,0.9688249413707085,0.9682136729466986
321,weight_decay-0.005,dropout-0.2,weight_decay-0.02,learning_rate-1e-05,warmup_ratio-0.05,0.9065911431513903,0.8131644554651606,4467,4336,468,439,0.968849550568167,0.968272648558455
283,weight_decay-0.005,default,dropout-0.2,weight_decay-0.02,learning_rate-4e-05,0.9065911431513903,0.813159427946412,4457,4346,458,449,0.9687411428103974,0.9681528039994381
295,weight_decay-0.005,default,weight_decay-0.02,warmup_ratio-0.05,train_batch_size-8,0.9065911431513903,0.813163331424499,4466,4337,467,440,0.9686637299125304,0.96800339259759
315,weight_decay-0.005,dropout-0.05,weight_decay-0.02,warmup_ratio-0.05,train_batch_size-8,0.9065911431513903,0.813163331424499,4466,4337,467,440,0.9686637299125304,0.96800339259759
194,warmup_ratio-0.2,dropout-0.05,warmup_ratio-0.05,learning_rate-4e-05,train_batch_size-8,0.9064881565396499,0.8129533506052429,4457,4345,459,449,0.9687540202094124,0.9681421054988111
191,warmup_ratio-0.2,dropout-0.05,learning_rate-1e-05,warmup_ratio-0.05,learning_rate-4e-05,0.9064881565396499,0.8129533875291174,4459,4343,461,447,0.9690688057886264,0.9685408629767679
403,train_batch_size-32,weight_decay-0.02,learning_rate-1e-05,learning_rate-4e-05,train_batch_size-8,0.9064881565396499,0.8129551175279935,4463,4339,465,443,0.9690890023024026,0.9684572762648858
201,warmup_ratio-0.2,dropout-0.2,learning_rate-1e-05,warmup_ratio-0.05,learning_rate-4e-05,0.9064881565396499,0.8129533875291174,4459,4343,461,447,0.9690688057886264,0.9685408629767679
336,train_batch_size-32,default,dropout-0.05,dropout-0.2,weight_decay-0.02,0.9064881565396499,0.8129618535377986,4469,4333,471,437,0.968937273871176,0.9683436442595241
171,warmup_ratio-0.2,default,learning_rate-1e-05,warmup_ratio-0.05,learning_rate-4e-05,0.9064881565396499,0.8129533875291174,4459,4343,461,447,0.9690688057886264,0.9685408629767679
174,warmup_ratio-0.2,default,warmup_ratio-0.05,learning_rate-4e-05,train_batch_size-8,0.9064881565396499,0.8129533506052429,4457,4345,459,449,0.9687540202094124,0.9681421054988111
204,warmup_ratio-0.2,dropout-0.2,warmup_ratio-0.05,learning_rate-4e-05,train_batch_size-8,0.9064881565396499,0.8129533506052429,4457,4345,459,449,0.9687540202094124,0.9681421054988111
269,weight_decay-0.005,default,dropout-0.05,dropout-0.2,learning_rate-4e-05,0.9064881565396499,0.8129533506052429,4457,4345,459,449,0.9687282017669064,0.9681655660983569
270,weight_decay-0.005,default,dropout-0.05,dropout-0.2,train_batch_size-8,0.9064881565396499,0.8129568106841073,4465,4337,467,441,0.9685497850853327,0.9679043121181725
412,default,dropout-0.05,dropout-0.2,learning_rate-1e-05,train_batch_size-8,0.9063851699279094,0.812752430347433,4466,4335,469,440,0.9687166184722407,0.9681003212649093
178,warmup_ratio-0.2,dropout-0.05,dropout-0.2,weight_decay-0.02,train_batch_size-8,0.9063851699279094,0.812751309069358,4465,4336,468,441,0.968580334433902,0.9679163151556787
169,warmup_ratio-0.2,default,weight_decay-0.02,warmup_ratio-0.05,train_batch_size-8,0.9063851699279094,0.812752430347433,4466,4335,469,440,0.9686774559045612,0.9680298998899797
333,weight_decay-0.005,weight_decay-0.02,learning_rate-1e-05,learning_rate-4e-05,train_batch_size-8,0.9063851699279094,0.8127482039887235,4461,4340,464,445,0.9688376702659456,0.9682035029127228
189,warmup_ratio-0.2,dropout-0.05,weight_decay-0.02,warmup_ratio-0.05,train_batch_size-8,0.9063851699279094,0.812752430347433,4466,4335,469,440,0.9686774559045612,0.9680298998899797
418,default,dropout-0.05,weight_decay-0.02,learning_rate-1e-05,train_batch_size-8,0.9063851699279094,0.8127536896406041,4467,4334,470,439,0.968722007037891,0.9680771867717045
332,weight_decay-0.005,weight_decay-0.02,learning_rate-1e-05,warmup_ratio-0.05,train_batch_size-8,0.9063851699279094,0.8127503258002557,4464,4337,467,442,0.9688130186388364,0.9681656003084996
158,warmup_ratio-0.2,default,dropout-0.2,weight_decay-0.02,train_batch_size-8,0.9063851699279094,0.812751309069358,4465,4336,468,441,0.968580334433902,0.9679163151556787
199,warmup_ratio-0.2,dropout-0.2,weight_decay-0.02,warmup_ratio-0.05,train_batch_size-8,0.9063851699279094,0.812752430347433,4466,4335,469,440,0.9686774559045612,0.9680298998899797
148,warmup_ratio-0.2,default,dropout-0.05,weight_decay-0.02,train_batch_size-8,0.9063851699279094,0.812751309069358,4465,4336,468,441,0.968580334433902,0.9679163151556787
428,default,dropout-0.2,weight_decay-0.02,learning_rate-1e-05,train_batch_size-8,0.9063851699279094,0.8127536896406041,4467,4334,470,439,0.968722007037891,0.9680771867717045
231,weight_decay-0.005,train_batch_size-32,dropout-0.05,dropout-0.2,weight_decay-0.02,0.9063851699279094,0.8127550869552055,4468,4333,471,438,0.9689573430959999,0.9683644481107555
393,train_batch_size-32,dropout-0.2,weight_decay-0.02,learning_rate-1e-05,train_batch_size-8,0.9063851699279094,0.8127536896406041,4467,4334,470,439,0.9689987756499968,0.9683501954707036
211,weight_decay-0.005,train_batch_size-32,default,dropout-0.05,weight_decay-0.02,0.9063851699279094,0.8127550869552055,4468,4333,471,438,0.9689573430959999,0.9683644481107555
216,weight_decay-0.005,train_batch_size-32,default,dropout-0.2,weight_decay-0.02,0.9063851699279094,0.8127550869552055,4468,4333,471,438,0.9689573430959999,0.9683644481107555
443,dropout-0.05,dropout-0.2,weight_decay-0.02,learning_rate-1e-05,train_batch_size-8,0.9063851699279094,0.8127536896406041,4467,4334,470,439,0.968722007037891,0.9680771867717045
383,train_batch_size-32,dropout-0.05,weight_decay-0.02,learning_rate-1e-05,train_batch_size-8,0.9063851699279094,0.8127536896406041,4467,4334,470,439,0.9689987756499968,0.9683501954707036
363,train_batch_size-32,default,weight_decay-0.02,learning_rate-1e-05,train_batch_size-8,0.9063851699279094,0.8127536896406041,4467,4334,470,439,0.9689987756499968,0.9683501954707036
266,weight_decay-0.005,default,dropout-0.05,dropout-0.2,weight_decay-0.02,0.9063851699279094,0.812751309069358,4465,4336,468,441,0.96855956511984,0.967956000578981
344,train_batch_size-32,default,dropout-0.05,weight_decay-0.02,train_batch_size-8,0.9062821833161689,0.8125458405930537,4465,4335,469,441,0.9688706593194352,0.9682170537900787
284,weight_decay-0.005,default,dropout-0.2,weight_decay-0.02,train_batch_size-8,0.9062821833161689,0.8125458405930537,4465,4335,469,441,0.9685717212147914,0.9679045510740929
304,weight_decay-0.005,dropout-0.05,dropout-0.2,weight_decay-0.02,train_batch_size-8,0.9062821833161689,0.8125458405930537,4465,4335,469,441,0.9685717212147914,0.9679045510740929
313,weight_decay-0.005,dropout-0.05,weight_decay-0.02,learning_rate-1e-05,train_batch_size-8,0.9062821833161689,0.8125458405930537,4465,4335,469,441,0.9687247861800177,0.9680740560131023
252,weight_decay-0.005,train_batch_size-32,dropout-0.2,learning_rate-1e-05,train_batch_size-8,0.9062821833161689,0.8125447896840121,4464,4336,468,442,0.969002382170314,0.9683795581630028
457,dropout-0.2,weight_decay-0.02,learning_rate-1e-05,warmup_ratio-0.05,train_batch_size-8,0.9062821833161689,0.8125447896840121,4464,4336,468,442,0.968811385097281,0.968172969077957
437,default,weight_decay-0.02,learning_rate-1e-05,warmup_ratio-0.05,train_batch_size-8,0.9062821833161689,0.8125447896840121,4464,4336,468,442,0.968811385097281,0.968172969077957
308,weight_decay-0.005,dropout-0.05,dropout-0.2,warmup_ratio-0.05,learning_rate-4e-05,0.9062821833161689,0.812541539545229,4455,4345,459,451,0.9688496354274686,0.9683021354746262
323,weight_decay-0.005,dropout-0.2,weight_decay-0.02,learning_rate-1e-05,train_batch_size-8,0.9062821833161689,0.8125458405930537,4465,4335,469,441,0.9687247861800177,0.9680740560131023
98,warmup_ratio-0.2,train_batch_size-32,default,weight_decay-0.02,train_batch_size-8,0.9062821833161689,0.8125447896840121,4464,4336,468,442,0.9688936349753382,0.9682436164287334
374,train_batch_size-32,dropout-0.05,dropout-0.2,weight_decay-0.02,train_batch_size-8,0.9062821833161689,0.8125458405930537,4465,4335,469,441,0.9688706593194352,0.9682170537900787
274,weight_decay-0.005,default,dropout-0.05,weight_decay-0.02,train_batch_size-8,0.9062821833161689,0.8125458405930537,4465,4335,469,441,0.9685717212147914,0.9679045510740929
113,warmup_ratio-0.2,train_batch_size-32,dropout-0.05,weight_decay-0.02,train_batch_size-8,0.9062821833161689,0.8125447896840121,4464,4336,468,442,0.9688936349753382,0.9682436164287334
278,weight_decay-0.005,default,dropout-0.05,warmup_ratio-0.05,learning_rate-4e-05,0.9062821833161689,0.812541539545229,4455,4345,459,451,0.9688496354274686,0.9683021354746262
452,dropout-0.05,weight_decay-0.02,learning_rate-1e-05,warmup_ratio-0.05,train_batch_size-8,0.9062821833161689,0.8125447896840121,4464,4336,468,442,0.968811385097281,0.968172969077957
123,warmup_ratio-0.2,train_batch_size-32,dropout-0.2,weight_decay-0.02,train_batch_size-8,0.9062821833161689,0.8125447896840121,4464,4336,468,442,0.9688936349753382,0.9682436164287334
242,weight_decay-0.005,train_batch_size-32,dropout-0.05,learning_rate-1e-05,train_batch_size-8,0.9062821833161689,0.8125447896840121,4464,4336,468,442,0.969002382170314,0.9683795581630028
293,weight_decay-0.005,default,weight_decay-0.02,learning_rate-1e-05,train_batch_size-8,0.9062821833161689,0.8125458405930537,4465,4335,469,441,0.9687247861800177,0.9680740560131023
79,warmup_ratio-0.2,weight_decay-0.005,weight_decay-0.02,learning_rate-4e-05,train_batch_size-8,0.9062821833161689,0.8125413814249026,4458,4342,462,448,0.968650873728341,0.9679967387029176
354,train_batch_size-32,default,dropout-0.2,weight_decay-0.02,train_batch_size-8,0.9062821833161689,0.8125458405930537,4465,4335,469,441,0.9688706593194352,0.9682170537900787
288,weight_decay-0.005,default,dropout-0.2,warmup_ratio-0.05,learning_rate-4e-05,0.9062821833161689,0.812541539545229,4455,4345,459,451,0.9688496354274686,0.9683021354746262
407,default,dropout-0.05,dropout-0.2,weight_decay-0.02,warmup_ratio-0.05,0.9062821833161689,0.8125424647598539,4461,4339,465,445,0.9686678243738317,0.9680798599486788
67,warmup_ratio-0.2,weight_decay-0.005,dropout-0.2,weight_decay-0.02,train_batch_size-8,0.9062821833161689,0.812543101773111,4462,4338,466,444,0.9685912600689804,0.9679277709512015
227,weight_decay-0.005,train_batch_size-32,default,learning_rate-1e-05,train_batch_size-8,0.9062821833161689,0.8125447896840121,4464,4336,468,442,0.969002382170314,0.9683795581630028
42,warmup_ratio-0.2,weight_decay-0.005,default,weight_decay-0.02,train_batch_size-8,0.9062821833161689,0.812543101773111,4462,4338,466,444,0.9685912600689804,0.9679277709512015
57,warmup_ratio-0.2,weight_decay-0.005,dropout-0.05,weight_decay-0.02,train_batch_size-8,0.9062821833161689,0.812543101773111,4462,4338,466,444,0.9685912600689804,0.9679277709512015
36,warmup_ratio-0.2,weight_decay-0.005,default,dropout-0.2,warmup_ratio-0.05,0.9061791967044284,0.8123374634942735,4462,4337,467,444,0.9687430733595085,0.9681884188243839
65,warmup_ratio-0.2,weight_decay-0.005,dropout-0.2,weight_decay-0.02,warmup_ratio-0.05,0.9061791967044284,0.8123367587782142,4461,4338,466,445,0.96873859703135,0.9681587008258606
40,warmup_ratio-0.2,weight_decay-0.005,default,weight_decay-0.02,warmup_ratio-0.05,0.9061791967044284,0.8123367587782142,4461,4338,466,445,0.96873859703135,0.9681587008258606
51,warmup_ratio-0.2,weight_decay-0.005,dropout-0.05,dropout-0.2,warmup_ratio-0.05,0.9061791967044284,0.8123374634942735,4462,4337,467,444,0.9687430733595085,0.9681884188243839
55,warmup_ratio-0.2,weight_decay-0.005,dropout-0.05,weight_decay-0.02,warmup_ratio-0.05,0.9061791967044284,0.8123367587782142,4461,4338,466,445,0.96873859703135,0.9681587008258606
31,warmup_ratio-0.2,weight_decay-0.005,default,dropout-0.05,warmup_ratio-0.05,0.9061791967044284,0.8123374634942735,4462,4337,467,444,0.9687430733595085,0.9681884188243839
282,weight_decay-0.005,default,dropout-0.2,weight_decay-0.02,warmup_ratio-0.05,0.9061791967044284,0.8123367587782142,4461,4338,466,445,0.9686860479088462,0.9681007307655307
224,weight_decay-0.005,train_batch_size-32,default,weight_decay-0.02,train_batch_size-8,0.9061791967044284,0.8123374634942735,4462,4337,467,444,0.9688808848652757,0.9682251557518334
213,weight_decay-0.005,train_batch_size-32,default,dropout-0.05,warmup_ratio-0.05,0.9061791967044284,0.8123404052297055,4465,4334,470,441,0.9690637354453568,0.9685065328751702
272,weight_decay-0.005,default,dropout-0.05,weight_decay-0.02,warmup_ratio-0.05,0.9061791967044284,0.8123367587782142,4461,4338,466,445,0.9686860479088462,0.9681007307655307
249,weight_decay-0.005,train_batch_size-32,dropout-0.2,weight_decay-0.02,train_batch_size-8,0.9061791967044284,0.8123374634942735,4462,4337,467,444,0.9688808848652757,0.9682251557518334
247,weight_decay-0.005,train_batch_size-32,dropout-0.2,weight_decay-0.02,warmup_ratio-0.05,0.9061791967044284,0.8123404052297055,4465,4334,470,441,0.9690689118627533,0.9684964673024232
239,weight_decay-0.005,train_batch_size-32,dropout-0.05,weight_decay-0.02,train_batch_size-8,0.9061791967044284,0.8123374634942735,4462,4337,467,444,0.9688808848652757,0.9682251557518334
237,weight_decay-0.005,train_batch_size-32,dropout-0.05,weight_decay-0.02,warmup_ratio-0.05,0.9061791967044284,0.8123404052297055,4465,4334,470,441,0.9690689118627533,0.9684964673024232
233,weight_decay-0.005,train_batch_size-32,dropout-0.05,dropout-0.2,warmup_ratio-0.05,0.9061791967044284,0.8123404052297055,4465,4334,470,441,0.9690637354453568,0.9685065328751702
302,weight_decay-0.005,dropout-0.05,dropout-0.2,weight_decay-0.02,warmup_ratio-0.05,0.9061791967044284,0.8123367587782142,4461,4338,466,445,0.9686860479088462,0.9681007307655307
222,weight_decay-0.005,train_batch_size-32,default,weight_decay-0.02,warmup_ratio-0.05,0.9061791967044284,0.8123404052297055,4465,4334,470,441,0.9690689118627533,0.9684964673024232
218,weight_decay-0.005,train_batch_size-32,default,dropout-0.2,warmup_ratio-0.05,0.9061791967044284,0.8123404052297055,4465,4334,470,441,0.9690637354453568,0.9685065328751702
140,warmup_ratio-0.2,default,dropout-0.05,dropout-0.2,weight_decay-0.02,0.9060762100926879,0.8121310860182284,4461,4337,467,445,0.9686102897673599,0.9680163408524467
338,train_batch_size-32,default,dropout-0.05,dropout-0.2,warmup_ratio-0.05,0.9060762100926879,0.8121327686839168,4463,4335,469,443,0.9690491608603105,0.9684949770447295
342,train_batch_size-32,default,dropout-0.05,weight_decay-0.02,warmup_ratio-0.05,0.9059732234809474,0.811928380111978,4464,4333,471,442,0.9690614654590397,0.9684852155278871
146,warmup_ratio-0.2,default,dropout-0.05,weight_decay-0.02,warmup_ratio-0.05,0.9059732234809474,0.8119254464543324,4461,4336,468,445,0.9687388940389057,0.9681654632963242
144,warmup_ratio-0.2,default,dropout-0.05,dropout-0.2,train_batch_size-8,0.9059732234809474,0.8119262864751617,4462,4335,469,444,0.9685785736033942,0.967950373564647
176,warmup_ratio-0.2,dropout-0.05,dropout-0.2,weight_decay-0.02,warmup_ratio-0.05,0.9059732234809474,0.8119254464543324,4461,4336,468,445,0.9687388940389057,0.9681654632963242
352,train_batch_size-32,default,dropout-0.2,weight_decay-0.02,warmup_ratio-0.05,0.9059732234809474,0.811928380111978,4464,4333,471,442,0.9690614654590397,0.9684852155278871
156,warmup_ratio-0.2,default,dropout-0.2,weight_decay-0.02,warmup_ratio-0.05,0.9059732234809474,0.8119254464543324,4461,4336,468,445,0.9687388940389057,0.9681654632963242
28,warmup_ratio-0.2,weight_decay-0.005,default,dropout-0.05,dropout-0.2,0.9059732234809474,0.8119262864751617,4462,4335,469,444,0.9686145963769152,0.9680457962807937
372,train_batch_size-32,dropout-0.05,dropout-0.2,weight_decay-0.02,warmup_ratio-0.05,0.9059732234809474,0.811928380111978,4464,4333,471,442,0.9690614654590397,0.9684852155278871
277,weight_decay-0.005,default,dropout-0.05,learning_rate-1e-05,train_batch_size-8,0.9057672502574665,0.8115176057896725,4464,4331,473,442,0.9687303656790968,0.9681124601717964
307,weight_decay-0.005,dropout-0.05,dropout-0.2,learning_rate-1e-05,train_batch_size-8,0.9057672502574665,0.8115176057896725,4464,4331,473,442,0.9687303656790968,0.9681124601717964
287,weight_decay-0.005,default,dropout-0.2,learning_rate-1e-05,train_batch_size-8,0.9057672502574665,0.8115176057896725,4464,4331,473,442,0.9687303656790968,0.9681124601717964
433,default,dropout-0.2,learning_rate-1e-05,warmup_ratio-0.05,train_batch_size-8,0.905664263645726,0.8113078217184785,4460,4334,470,446,0.9688201892498199,0.9682134074014891
423,default,dropout-0.05,learning_rate-1e-05,warmup_ratio-0.05,train_batch_size-8,0.905664263645726,0.8113078217184785,4460,4334,470,446,0.9688201892498199,0.9682134074014891
29,warmup_ratio-0.2,weight_decay-0.005,default,dropout-0.05,weight_decay-0.02,0.905664263645726,0.8113064250480989,4458,4336,468,448,0.9686260523826287,0.968033995795204
34,warmup_ratio-0.2,weight_decay-0.005,default,dropout-0.2,weight_decay-0.02,0.905664263645726,0.8113064250480989,4458,4336,468,448,0.9686260523826287,0.968033995795204
448,dropout-0.05,dropout-0.2,learning_rate-1e-05,warmup_ratio-0.05,train_batch_size-8,0.905664263645726,0.8113078217184785,4460,4334,470,446,0.9688201892498199,0.9682134074014891
49,warmup_ratio-0.2,weight_decay-0.005,dropout-0.05,dropout-0.2,weight_decay-0.02,0.905664263645726,0.8113064250480989,4458,4336,468,448,0.9686260523826287,0.968033995795204
409,default,dropout-0.05,dropout-0.2,weight_decay-0.02,train_batch_size-8,0.905664263645726,0.8113078217184785,4460,4334,470,446,0.96854560576473,0.9678752266540566
